Player1,First Name,Last Name
Ward Tyson,Tyson,Ward
Walkup Thomas,Thomas,Walkup
Walker IV Lonnie,Lonnie,Walker Iv
Tavares Walter,Walter,Tavares
Blatt Tamir,Tamir,Blatt
Bitim Onuralp,Onuralp,Bitim
Birch Khem,Khem,Birch
Biberovic Tarik,Tarik,Biberovic
Baldwin IV Wade,Wade,Baldwin Iv
Baiocchi Matteo,Matteo,Baiocchi
Spagnolo Matteo,Matteo,Spagnolo
Sorkin Roman,Roman,Sorkin
Smailagic Alen,Alen,Smailagic
Simmons Kobi,Kobi,Simmons
Silva Chris,Chris,Silva
Shields Shavon,Shavon,Shields
Sestina Nathan,Nathan,Sestina
Seljaas Zachary,Zachary,Seljaas
Santos Marcio,Marcio,Santos
Brown Sterling,Sterling,Brown
Brooks Armoni,Armoni,Brooks
Brissett Oshae,O'Shae J,Brissett
Boston Jr Brandon,Brandon,Boston Jr.
Booker Devin,Devin,Booker
Bonga Isaac,Isaac,Bonga
Bolomboy Joel,Joel,Bolomboy
Bolmaro Leandro,Leandro,Bolmaro
Rivero Jasiel,Jasiel,Rivero
Ricci Giampaolo,Giampaolo,Ricci
Rayman William,William,Rayman
Radzevicius Gytis,Gytis,Radzevicius
Radanov Aleksa,Aleksa,Radanov
Pokusevski Aleksej,Aleksej,Pokusevski
Colson Bonzie,Bonzie,Colson
Carter Tyson,Tyson,Carter
Campazzo Facundo,Facundo,Campazzo
Calathes Nick,Nick,Calathes
Butler Jared,Jared,Butler
Peters Alec,Alec,Peters
Papanikolaou Kostas,Kostas,Papanikolaou
Osetkowski Dylan,Dylan,Osetkowski
Omoruyi Eugene,Eugene,Omoruyi
Okeke Chuma,Chuma,Okeke
Ojeleye Semi,Semi,Ojeleye
Nwora Jordan,Jordan,Nwora
Niang Saliou,Saliou,Niang
Nebo Josh,Josh,Nebo
Moneke Chima,Chima,Moneke
Milutinov Nikola,Nikola,Milutinov
Milton Shake,Shake,Milton
Miller-McIntyre Codi,Codi,Miller-Mcintyre
Miljenovic Stefan,Stefan,Miljenovic
Melli Nicolo,Nicolo,Melli
Mckissic Shaquielle,Shaquielle,Mckissic
Massa Bodian,Bodian,Massa
Dobric Ognjen,Ognjen,Dobric
Diouf Mouhamet,Mouhamet,Diouf
Dibartolomeo John,John,Dibartolomeo
Diarra Aliou,Aliou,Diarra
Diakite Mamadi,Mamadi,Diakite
Deck Gabriel,Gabriel,Deck
Mannion Niccolo,Niccolo,Mannion
Maledon Theo,Theo,Maledon
Lyles Trey,Trey,Lyles
Luwawu-Cabarrot Timothe,Timothe,Luwawu-Cabarrot
Llull Sergio,Sergio,Llull
Fall Moustapha,Moustapha,Fall
Ellis Quinn,Quinn,Ellis
Edwards Carsen,Carsen,Edwards
Eboua Paul,Paul,Eboua
Dunston Bryant,Bryant,Dunston
Dowtin Jr Jeffrey,Jeffrey,Dowtin Jr
Dorsey Tyler,Tyler,Dorsey
Lighty David,David,Lighty
Len Alex,Alex,Len
Lakic Arijan,Arijan,Lakic
Kurucs Rodions,Rodions,Kurucs
Kalinic Nikola,Nikola,Kalinic
Joseph Cory,Cory,Joseph
Jones Carlik,Carlik,Jones
Jekiri Tonye,Tonye,Jekiri
Jantunen Mikael,Mikael,Jantunen
Jallow Karim,Karim,Jallow
Jackson Edwin,Edwin,Jackson
Izundu Ebuka,Ebuka,Izundu
Howard Markus,Markus,Howard
Horton Tucker Talen,Talen,Horton Tucker
Hoard Jaylen,Jaylen,Hoard
Hezonja Mario,Mario,Hezonja
Garuba Usman,Usman,Garuba
Frisch Clement,Clement,Frisch
Fournier Evan,Evan,Fournier
Forrest Trent,Trent,Forrest
Ferrari Francesco,Francesco,Ferrari
Fernando Bruno,Bruno,Fernando
Feliz Andres,Andres,Feliz
Heurtel Thomas,Thomas,Heurtel
Harrison Shaquille,Shaquille,Harrison
Hankins Zachary,Zachary,Hankins
Hall Donta,Donta,Hall
Hall Devon,Devon,Hall
Hackett Daniel,Daniel,Hackett
Angola Braian,Braian,Angola
Alston Jr Derrick,Derrick,Alston Jr.
Akele Nicola,Nicola,Akele
Ajinca Melvin,Melvin,Ajinca
Abalde Alberto,Alberto,Abalde
Vezenkov Sasha,Sasha,Vezenkov
Vautier Bastien,Bastien,Vautier
Traore Armel,Armel,Traore
Tonut Stefano,Stefano,Tonut
Villar Rafa,Rafa,Villar
Voigtmann Johannes,Johannes,Voigtmann
Taylor Kameron,Kameron,Taylor
Theis Daniel,Daniel,Theis
Thompson Darius,Darius,Thompson
Timor Bar,Bar,Timor
Toliopoulos Vassilis,Vassilis,Toliopoulos
Tote Leonardo,Leonardo,Tote
Trifunovic Uros,Uros,Trifunovic
Tubelis Azuolas,Azuolas,Tubelis
Ulanovas Edgaras,Edgaras,Ulanovas
Vesely Jan,Jan,Vesely
Yurtseven Omer,Omer,Yurtseven
Abass Awudu,Awudu,Abass
Almansa Izan,Izan,Almansa
Anderson Justin,Justin,Anderson
Andjusic Danilo,Danilo,Andjusic
Antetokounmpo Kostas,Kostas,Antetokounmpo
Armstrong Taran,Taran,Armstrong
Atamna Adam,Adam,Atamna
Avramovic Aleksa,Aleksa,Avramovic
Ayayi Joel,Joel,Ayayi
Bacon Dwayne,Dwayne,Bacon
Grigonis Marius,Marius,Grigonis
Grinvalds Gunars,Gunars,Grinvalds
Guduric Marko,Marko,Guduric
Gur Lavi,Lavi,Gur
Hayes Kevarrius,Kevarrius,Hayes
Hayes-Davis Nigel,Nigel,Hayes-Davis
Hazer Sehmus,Sehmus,Hazer
Hernangomez Juancho,Juancho,Hernangomez
Hernangomez Willy,Willy,Hernangomez
Herrera Sebastian,Sebastian,Herrera
Faye Mouhamed,Mouhamed,Faye
Flaccadori Diego,Diego,Flaccadori
Francisco Sylvain,Sylvain,Francisco
Gabriel Wenyen,Wenyen,Gabriel
Giedraitis Dovydas,Dovydas,Giedraitis
Giffey Niels,Niels,Giffey
Ginat Tomer,Tomer,Ginat
Graham Devonte,Devonte,Graham
Grant Jerian,Jerian,Grant
Hifi Nadir,Nadir,Hifi
Hollatz Justus,Justus,Hollatz
Holmes Richaun,Richaun,Holmes
Hommes Daulton,Daulton,Hommes
Hrabar Vit,Vit,Hrabar
Iroegbu Ike,Ike,Iroegbu
James Mike,Mike,James
Jessup Justinian,Justinian,Jessup
Joksimovic Stefan,Stefan,Joksimovic
Jones Chris,Chris,Jones
Jones Kai,Kai,Jones
Jones Tyrique,Tyrique,Jones
Jovic Stefan,Stefan,Jovic
Kabengele Mfiondu,Mfiondu,Kabengele
Kalaitzakis Panagiotis,Panagiotis,Kalaitzakis
Kamenjas Kenan,Kenan,Kamenjas
Keita Sayon,Sayon,Keita
Key Braxton,Braxton,Key
Kondic Kosta,Kosta,Kondic
Kouzeloglou Ioannis,Ioannis,Kouzeloglou
Kramer David,David,Kraemer
Kramer David,David,Kramer
Kratzer Leon,Leon,Kratzer
Kusturica Nikola,Nikola,Kusturica
Laprovittola Nicolas,Nicolas,Laprovittola
Larentzakis Giannoulis,Giannoulis,Larentzakis
Larkin Shane,Shane,Larkin
Lavi Gur,Gur,Lavi
Leaf TJ,Tj,Leaf
Leday Zach,Zach,Leday
Lee Saben,Saben,Lee
Lessort Mathias,Mathias,Lessort
Dos Santos Yago,Yago,Dos Santos
Dozier Pj,Pj,Dozier
Ebuka Izundu,Izundu,Ebuka
Edwards Kessler,Kessler,Edwards
Ellis Boogie,Boogie,Ellis
Ennis Tyler,Tyler,Ennis
Evans Keenan,Keenan,Evans
Fall Youssoupha,Youssoupha,Fall
Faried Kenneth,Kenneth,Faried
Lo Maodo,Maodo,Lo
Lopez-Arostegui Xabi,Xabi,Lopez-Arostegui
Loyd Jordan,Jordan,Loyd
Lucic Vladimir,Vladimir,Lucic
Lundberg Iffe,Iffe,Lundberg
M'Baye Amath,Amath,M'Baye
Madar Yam,Yam,Madar
Mahmutoglu Melih,Melih,Mahmutoglu
Makoundou Yoan,Yoan,Makoundou
Malcolm Collin,Collin,Malcolm
Marcos Juani,Juani,Marcos
De Colo Nando,Nando,De Colo
De Larrea Sergio,Sergio,De Larrea
Dessert Brice,Brice,Dessert
Diallo Alpha,Alpha,Diallo
Diallo Hamidou,Hamidou,Diallo
Dimitrijevic Neno,Neno,Dimitrijevic
Dinwiddie Spencer,Spencer,Dinwiddie
Diop Khalifa,Khalifa,Diop
Diop Ousmane,Ousmane,Diop
Dokossi Allan,Allan,Dokossi
Marinkovic Vanja,Vanja,Marinkovic
McCormack David,David,Mccormack
Michineau David,David,Michineau
Micic Vasilije,Vasilije,Micic
Mijailovic Uros,Uros,Mijailovic
Mikalauskas Kajus,Kajus,Mikalauskas
Mike Isiaha,Isiaha,Mike
Mirotic Nikola,Nikola,Mirotic
Mitoglou Konstantinos,Konstantinos,Mitoglou
Montero Jean,Jean,Montero
Moore Omari,Omari,Moore
Morgan Jeremy,Jeremy,Morgan
Morgan Matthew,Matthew,Morgan
Morris Monte,Monte,Morris
Motiejunas Donatas,Donatas,Motiejunas
Motley Johnathan,Johnathan,Motley
Musa Dzanan,Dzanan,Musa
Mutaf David,David,Mutaf
Muurinen Miikka,Miikka,Muurinen
Nakic Mario,Mario,Nakic
Ndiaye Mbaye,Mbaye,Ndiaye
Nedovic Nemanja,Nemanja,Nedovic
Netzipoglou Omiros,Omiros,Netzipoglou
Ngouama Mehdy,Mehdy,Ngouama
Nogues Isaac,Isaac,Nogues
Norris Miles,Miles,Norris
Nowell Markquis,Markquis,Nowell
Ntilikina Frank,Frank,Ntilikina
Nunez Juan,Juan,Nunez
Nunn Kendrick,Kendrick,Nunn
Obst Andreas,Andreas,Obst
Odiase Tai,Tai,Odiase
Okobo Elie,Elie,Okobo
Omoruyi Clifford,Clifford,Omoruyi
Osman Cedi,Cedi,Osman
Osmani Ercan,Ercan,Osmani
Oturu Dan,Dan,Oturu
Ouattara Yakuba,Yakuba,Ouattara
Pajola Alessandro,Alessandro,Pajola
Palatin Guy,Guy,Palatin
Papagiannis Georgios,Georgios,Papagiannis
Parker Jabari,Jabari,Parker
Parra Joel,Joel,Parra
Payne Cameron,Cameron,Payne
Petrusev Filip,Filip,Petrusev
Plavsic Uros,Uros,Plavsic
Poirier Vincent,Vincent,Poirier
Caboclo Bruno,Bruno,Caboclo
Cale Myles,Myles,Cale
Cancar Vlatko,Vlatko,Cancar
Cavaliere Leopold,Leopold,Cavaliere
Clark III Jimmy,Jimmy,Clark Iii
Clyburn Will,Will,Clyburn
Cordinier Isaia,Isaia,Cordinier
Costello Matthew,Matthew,Costello
Da Silva Oscar,Oscar,Da Silva
Dangubic Nemanja,Nemanja,Dangubic
Davidovac Dejan,Dejan,Davidovac
Pradilla Jaime,Jaime,Pradilla
Prepelic Klemen,Klemen,Prepelic
Procida Gabriele,Gabriele,Procida
Puerto Josep,Josep,Puerto
Punter Kevin,Kevin,Punter
Radosic Ognjen,Ognjen,Radosic
Randolph Levi,Levi,Randolph
Rathan-Mayes Xavier,Xavier,Rathan-Mayes
Reuvers Nathan,Nathan,Reuvers
Rhoden Jared,Jared,Rhoden
Blossomgame Jaron,Jaron,Blossomgame
Bol Juom,Juom,Bol
Bosnjakovic Mitar,Mitar,Bosnjakovic
Brazdeikis Ignas,Ignas,Brazdeikis
Brizuela Dario,Dario,Brizuela
Brown Lorenzo,Lorenzo,Brown
Bryant Elijah,Elijah,Bryant
Butkevicius Arnas,Arnas,Butkevicius
Robinson Justin,Justin,Robinson
Rogkavopoulos Nikolaos,Nikolaos,Rogkavopoulos
Rubstavicius Mantas,Mantas,Rubstavicius
Ryan Matt,Matt,Ryan
Sako Neal,Neal,Sako
Samanic Luka,Luka,Samanic
Samodurov Alexandros,Alexandros,Samodurov
Sanli Sertac,Sertac,Sanli
Satoransky Tomas,Tomas,Satoransky
Sedekerskis Tadas,Tadas,Sedekerskis
Segev Itay,Itay,Segev
Shahrvin Enzo,Enzo,Shahrvin
Shengelia Tornike,Tornike,Shengelia
Shorts TJ,Tj,Shorts
Sima Yankuba,Yankuba,Sima
Sirvydis Deividas,Deividas,Sirvydis
Sleva Dustin,Dustin,Sleva
Sloukas Kostas,Kostas,Sloukas
Smits Rolands,Rolands,Smits
Stevens Lamar,Lamar,Stevens
Strazel Matthew,Matthew,Strazel
Swider Cole,Cole,Swider
Tarpey Terry,Terry,Tarpey
Vildoza Luca,Luca,Vildoza
Zagars Arturs,Arturs,Zagars
Bako Ismael,Ismael,Bako
Baldwin Kamar,Kamar,Baldwin
Beaubois Rodrigue,Rodrigue,Beaubois
Begarin Juhann,Juhann,Begarin
Bertans Davis,Davis,Bertans
Birsen Metecan,Metecan,Birsen
Birutis Laurynas,Laurynas,Birutis
Blakeney Antonio,Antonio,Blakeney
Taylor Brandon,Brandon,Taylor
Accorsi Matteo,Matteo,Accorsi
Wainright Ish,Ish,Wainright
Washington Duane,Duane,Washington
Watson Glynn,Glynn,Watson
Weiler-Babb Nick,Nick,Weiler-Babb
Wilbekin Scottie,Scottie,Wilbekin
Williams-Goss Nigel,Nigel,Williams-Goss
Willis Derek,Derek,Willis
Wright IV McKinley,Mckinley,Wright Iv
Wright Moses,Moses,Wright
Yilmaz Erkan,Erkan,Yilmaz
Bacot Jr Armando,Armando,Bacot Jr.
Badio Brancou,Brancou,Badio
