Fixture,Phase,IDGAME,Home,Away,Home_Points,Away_Points,Q1H,Q2H,Q3H,Q4H,Q1A,Q2A,Q3A,Q4A,EXH,EXA,Winner,Loser,Home_win,Away_win,Season
1,Regular Season,1_1,CRV,ZAL,77,83,21,24,12,20,28,15,16,24,0,0,ZAL,CRV,0,1,2026-2027
1,Regular Season,1_2,DUB,RMB,78,77,20,18,25,15,16,28,18,15,0,0,DUB,RMB,1,0,2026-2027
1,Regular Season,1_3,HTA,BAY,84,86,21,18,18,27,16,28,24,18,0,0,BAY,HTA,0,1,2026-2027
1,Regular Season,1_4,BAR,EFE,89,82,16,29,18,26,25,19,23,15,0,0,BAR,EFE,1,0,2026-2027
1,Regular Season,1_5,BAS,OLY,89,106,29,17,14,29,36,20,25,25,0,0,OLY,BAS,0,1,2026-2027
1,Regular Season,1_6,VIL,MAC,84,74,19,23,20,22,19,13,25,17,0,0,VIL,MAC,1,0,2026-2027
1,Regular Season,1_7,PAN,PRB,91,72,31,11,27,22,17,14,13,28,0,0,PAN,PRB,1,0,2026-2027
1,Regular Season,1_8,BES,VAL,94,96,27,24,20,23,28,26,27,15,0,0,VAL,BES,0,1,2026-2027
1,Regular Season,1_9,FEN,BOL,78,68,23,16,20,19,17,21,17,13,0,0,FEN,BOL,1,0,2026-2027
1,Regular Season,1_10,PAR,MIL,92,76,20,22,21,29,16,20,22,18,0,0,PAR,MIL,1,0,2026-2027
2,Regular Season,2_1,EFE,RMB,94,84,27,26,19,22,29,12,24,19,0,0,EFE,RMB,1,0,2026-2027
2,Regular Season,2_2,CRV,HTA,80,81,18,17,24,21,28,17,22,14,0,0,HTA,CRV,0,1,2026-2027
2,Regular Season,2_3,DUB,BAR,94,87,23,29,24,18,25,12,25,25,0,0,DUB,BAR,1,0,2026-2027
2,Regular Season,2_4,ZAL,OLY,91,93,24,20,19,28,21,23,20,29,0,0,OLY,ZAL,0,1,2026-2027
2,Regular Season,2_5,VAL,BAS,111,88,26,26,31,28,10,23,27,28,0,0,VAL,BAS,1,0,2026-2027
2,Regular Season,2_6,MIL,BOL,87,85,30,17,19,21,20,21,26,18,0,0,MIL,BOL,1,0,2026-2027
2,Regular Season,2_7,FEN,BAY,100,76,31,19,25,25,15,16,20,25,0,0,FEN,BAY,1,0,2026-2027
2,Regular Season,2_8,PRB,PAR,79,92,18,22,23,16,15,29,23,25,0,0,PAR,PRB,0,1,2026-2027
