Date,Time (CET),Home,Away,Result,Fixture,Game,IDGAME,Season
24-Sep-26,4:00 PM,Dubai Basketball logo,Real Madrid logo,78-77,1,1,1_1,2026-2027
24-Sep-26,4:00 PM,Hapoel Tel Aviv logo,FC Bayern Munich logo,84-86,1,2,1_2,2026-2027
24-Sep-26,6:00 PM,Crvena Zvezda Belgrade logo,Zalgiris Kaunas logo,77-83,1,3,1_3,2026-2027
24-Sep-26,6:15 PM,Panathinaikos Athens logo,Paris Basketball logo,91-72,1,4,1_4,2026-2027
24-Sep-26,6:30 PM,FC Barcelona logo,Anadolu Efes Istanbul logo,89-82,1,5,1_5,2026-2027
24-Sep-26,6:30 PM,Baskonia Vitoria-Gasteiz logo,Olympiacos Piraeus logo,89-106,1,6,1_6,2026-2027
24-Sep-26,6:45 PM,LDLC ASVEL logo,Maccabi Rapyd Tel Aviv logo,84-74,1,7,1_7,2026-2027
25-Sep-26,5:00 PM,Besiktas Istanbul logo,Valencia Basket logo,94-96,1,8,1_8,2026-2027
25-Sep-26,5:45 PM,Fenerbahce Istanbul logo,Virtus Bologna logo,78-68,1,9,1_9,2026-2027
25-Sep-26,6:45 PM,Partizan Belgrade logo,Armani Olimpia Milan logo,92-76,1,10,1_10,2026-2027
29-Sep-26,4:00 PM,Dubai Basketball logo,FC Barcelona logo,Game preview,2,1,2_1,2026-2027
29-Sep-26,5:00 PM,Anadolu Efes Istanbul logo,Real Madrid logo,Game preview,2,2,2_2,2026-2027
29-Sep-26,5:00 PM,Zalgiris Kaunas logo,Olympiacos Piraeus logo,Game preview,2,3,2_3,2026-2027
29-Sep-26,5:45 PM,Fenerbahce Istanbul logo,FC Bayern Munich logo,Game preview,2,4,2_4,2026-2027
29-Sep-26,6:00 PM,Crvena Zvezda Belgrade logo,Hapoel Tel Aviv logo,Game preview,2,5,2_5,2026-2027
29-Sep-26,6:30 PM,Armani Olimpia Milan logo,Virtus Bologna logo,Game preview,2,6,2_6,2026-2027
29-Sep-26,6:30 PM,Valencia Basket logo,Baskonia Vitoria-Gasteiz logo,Game preview,2,7,2_7,2026-2027
29-Sep-26,6:45 PM,Paris Basketball logo,Partizan Belgrade logo,Game preview,2,8,2_8,2026-2027
30-Sep-26,6:05 PM,Maccabi Rapyd Tel Aviv logo,Besiktas Istanbul logo,Game preview,2,9,2_9,2026-2027
30-Sep-26,6:15 PM,Panathinaikos Athens logo,LDLC ASVEL logo,Game preview,2,10,2_10,2026-2027
1-Oct-26,5:00 PM,Besiktas Istanbul logo,FC Barcelona logo,Game preview,3,1,3_1,2026-2027
1-Oct-26,5:00 PM,Hapoel Tel Aviv logo,Real Madrid logo,Game preview,3,2,3_2,2026-2027
1-Oct-26,6:00 PM,Crvena Zvezda Belgrade logo,Anadolu Efes Istanbul logo,Game preview,3,3,3_3,2026-2027
1-Oct-26,6:30 PM,Virtus Bologna logo,Olympiacos Piraeus logo,Game preview,3,4,3_4,2026-2027
1-Oct-26,6:45 PM,Paris Basketball logo,Zalgiris Kaunas logo,Game preview,3,5,3_5,2026-2027
2-Oct-26,5:45 PM,Fenerbahce Istanbul logo,Dubai Basketball logo,Game preview,3,6,3_6,2026-2027
2-Oct-26,6:00 PM,LDLC ASVEL logo,Valencia Basket logo,Game preview,3,7,3_7,2026-2027
2-Oct-26,6:15 PM,Panathinaikos Athens logo,Maccabi Rapyd Tel Aviv logo,Game preview,3,8,3_8,2026-2027
2-Oct-26,6:30 PM,FC Bayern Munich logo,Partizan Belgrade logo,Game preview,3,9,3_9,2026-2027
2-Oct-26,6:30 PM,Baskonia Vitoria-Gasteiz logo,Armani Olimpia Milan logo,Game preview,3,10,3_10,2026-2027
7-Oct-26,6:45 PM,Paris Basketball logo,LDLC ASVEL logo,Game preview,4,1,4_1,2026-2027
8-Oct-26,6:05 PM,Maccabi Rapyd Tel Aviv logo,Armani Olimpia Milan logo,Game preview,4,2,4_2,2026-2027
8-Oct-26,6:15 PM,Panathinaikos Athens logo,Fenerbahce Istanbul logo,Game preview,4,3,4_3,2026-2027
8-Oct-26,6:30 PM,FC Bayern Munich logo,Virtus Bologna logo,Game preview,4,4,4_4,2026-2027
8-Oct-26,6:30 PM,Valencia Basket logo,Hapoel Tel Aviv logo,Game preview,4,5,4_5,2026-2027
8-Oct-26,6:45 PM,Real Madrid logo,Partizan Belgrade logo,Game preview,4,6,4_6,2026-2027
9-Oct-26,4:00 PM,Dubai Basketball logo,Crvena Zvezda Belgrade logo,Game preview,4,7,4_7,2026-2027
9-Oct-26,6:15 PM,Olympiacos Piraeus logo,Anadolu Efes Istanbul logo,Game preview,4,8,4_8,2026-2027
9-Oct-26,6:30 PM,FC Barcelona logo,Zalgiris Kaunas logo,Game preview,4,9,4_9,2026-2027
9-Oct-26,6:30 PM,Baskonia Vitoria-Gasteiz logo,Besiktas Istanbul logo,Game preview,4,10,4_10,2026-2027
13-Oct-26,5:45 PM,Fenerbahce Istanbul logo,Zalgiris Kaunas logo,Game preview,5,1,5_1,2026-2027
13-Oct-26,6:00 PM,LDLC ASVEL logo,Crvena Zvezda Belgrade logo,Game preview,5,2,5_2,2026-2027
13-Oct-26,6:30 PM,Armani Olimpia Milan logo,Real Madrid logo,Game preview,5,3,5_3,2026-2027
13-Oct-26,6:30 PM,FC Barcelona logo,Maccabi Rapyd Tel Aviv logo,Game preview,5,4,5_4,2026-2027
13-Oct-26,6:30 PM,Baskonia Vitoria-Gasteiz logo,Dubai Basketball logo,Game preview,5,5,5_5,2026-2027
13-Oct-26,6:30 PM,Partizan Belgrade logo,Panathinaikos Athens logo,Game preview,5,6,5_6,2026-2027
13-Oct-26,7:00 PM,Valencia Basket logo,Olympiacos Piraeus logo,Game preview,5,7,5_7,2026-2027
14-Oct-26,5:00 PM,Hapoel Tel Aviv logo,Besiktas Istanbul logo,Game preview,5,8,5_8,2026-2027
14-Oct-26,5:30 PM,Anadolu Efes Istanbul logo,FC Bayern Munich logo,Game preview,5,9,5_9,2026-2027
14-Oct-26,6:45 PM,Paris Basketball logo,Virtus Bologna logo,Game preview,5,10,5_10,2026-2027
15-Oct-26,5:45 PM,Fenerbahce Istanbul logo,Partizan Belgrade logo,Game preview,6,1,6_1,2026-2027
15-Oct-26,6:30 PM,Armani Olimpia Milan logo,Dubai Basketball logo,Game preview,6,2,6_2,2026-2027
15-Oct-26,6:30 PM,Valencia Basket logo,Maccabi Rapyd Tel Aviv logo,Game preview,6,3,6_3,2026-2027
15-Oct-26,7:00 PM,Real Madrid logo,LDLC ASVEL logo,Game preview,6,4,6_4,2026-2027
16-Oct-26,5:00 PM,Besiktas Istanbul logo,FC Bayern Munich logo,Game preview,6,5,6_5,2026-2027
16-Oct-26,5:00 PM,Zalgiris Kaunas logo,Anadolu Efes Istanbul logo,Game preview,6,6,6_6,2026-2027
16-Oct-26,6:00 PM,Crvena Zvezda Belgrade logo,Paris Basketball logo,Game preview,6,7,6_7,2026-2027
16-Oct-26,6:15 PM,Panathinaikos Athens logo,Hapoel Tel Aviv logo,Game preview,6,8,6_8,2026-2027
16-Oct-26,6:30 PM,FC Barcelona logo,Olympiacos Piraeus logo,Game preview,6,9,6_9,2026-2027
16-Oct-26,6:30 PM,Virtus Bologna logo,Baskonia Vitoria-Gasteiz logo,Game preview,6,10,6_10,2026-2027
21-Oct-26,5:00 PM,Hapoel Tel Aviv logo,Virtus Bologna logo,Game preview,7,1,7_1,2026-2027
22-Oct-26,5:30 PM,Anadolu Efes Istanbul logo,Besiktas Istanbul logo,Game preview,7,2,7_2,2026-2027
22-Oct-26,6:05 PM,Maccabi Rapyd Tel Aviv logo,Real Madrid logo,Game preview,7,3,7_3,2026-2027
22-Oct-26,6:15 PM,Panathinaikos Athens logo,Baskonia Vitoria-Gasteiz logo,Game preview,7,4,7_4,2026-2027
22-Oct-26,6:30 PM,Armani Olimpia Milan logo,FC Barcelona logo,Game preview,7,5,7_5,2026-2027
22-Oct-26,6:30 PM,FC Bayern Munich logo,Dubai Basketball logo,Game preview,7,6,7_6,2026-2027
22-Oct-26,6:45 PM,Partizan Belgrade logo,Crvena Zvezda Belgrade logo,Game preview,7,7,7_7,2026-2027
23-Oct-26,5:00 PM,Zalgiris Kaunas logo,LDLC ASVEL logo,Game preview,7,8,7_8,2026-2027
23-Oct-26,6:15 PM,Olympiacos Piraeus logo,Fenerbahce Istanbul logo,Game preview,7,9,7_9,2026-2027
23-Oct-26,6:45 PM,Paris Basketball logo,Valencia Basket logo,Game preview,7,10,7_10,2026-2027
27-Oct-26,4:00 PM,Dubai Basketball logo,Paris Basketball logo,Game preview,8,1,8_1,2026-2027
27-Oct-26,7:00 PM,Crvena Zvezda Belgrade logo,Maccabi Rapyd Tel Aviv logo,Game preview,8,2,8_2,2026-2027
27-Oct-26,7:15 PM,Panathinaikos Athens logo,Armani Olimpia Milan logo,Game preview,8,3,8_3,2026-2027
27-Oct-26,7:30 PM,FC Bayern Munich logo,FC Barcelona logo,Game preview,8,4,8_4,2026-2027
27-Oct-26,7:30 PM,Valencia Basket logo,Fenerbahce Istanbul logo,Game preview,8,5,8_5,2026-2027
27-Oct-26,8:00 PM,Baskonia Vitoria-Gasteiz logo,Real Madrid logo,Game preview,8,6,8_6,2026-2027
28-Oct-26,6:00 PM,Hapoel Tel Aviv logo,Anadolu Efes Istanbul logo,Game preview,8,7,8_7,2026-2027
28-Oct-26,6:30 PM,Besiktas Istanbul logo,Olympiacos Piraeus logo,Game preview,8,8,8_8,2026-2027
28-Oct-26,7:00 PM,LDLC ASVEL logo,Partizan Belgrade logo,Game preview,8,9,8_9,2026-2027
28-Oct-26,7:30 PM,Virtus Bologna logo,Zalgiris Kaunas logo,Game preview,8,10,8_10,2026-2027
29-Oct-26,7:00 PM,Crvena Zvezda Belgrade logo,FC Bayern Munich logo,Game preview,9,1,9_1,2026-2027
29-Oct-26,7:05 PM,Maccabi Rapyd Tel Aviv logo,Paris Basketball logo,Game preview,9,2,9_2,2026-2027
29-Oct-26,7:45 PM,Real Madrid logo,Fenerbahce Istanbul logo,Game preview,9,3,9_3,2026-2027
30-Oct-26,4:00 PM,Dubai Basketball logo,Hapoel Tel Aviv logo,Game preview,9,4,9_4,2026-2027
30-Oct-26,5:30 PM,Anadolu Efes Istanbul logo,Panathinaikos Athens logo,Game preview,9,5,9_5,2026-2027
30-Oct-26,6:00 PM,Zalgiris Kaunas logo,Partizan Belgrade logo,Game preview,9,6,9_6,2026-2027
30-Oct-26,7:00 PM,LDLC ASVEL logo,Baskonia Vitoria-Gasteiz logo,Game preview,9,7,9_7,2026-2027
30-Oct-26,7:15 PM,Olympiacos Piraeus logo,Armani Olimpia Milan logo,Game preview,9,8,9_8,2026-2027
30-Oct-26,7:30 PM,FC Barcelona logo,Valencia Basket logo,Game preview,9,9,9_9,2026-2027
30-Oct-26,7:30 PM,Virtus Bologna logo,Besiktas Istanbul logo,Game preview,9,10,9_10,2026-2027
4-Nov-26,5:45 PM,Fenerbahce Istanbul logo,Baskonia Vitoria-Gasteiz logo,Game preview,10,1,10_1,2026-2027
4-Nov-26,7:45 PM,Real Madrid logo,Panathinaikos Athens logo,Game preview,10,2,10_2,2026-2027
5-Nov-26,5:30 PM,Anadolu Efes Istanbul logo,Paris Basketball logo,Game preview,10,3,10_3,2026-2027
5-Nov-26,6:00 PM,Hapoel Tel Aviv logo,FC Barcelona logo,Game preview,10,4,10_4,2026-2027
5-Nov-26,7:00 PM,LDLC ASVEL logo,FC Bayern Munich logo,Game preview,10,5,10_5,2026-2027
5-Nov-26,7:30 PM,Armani Olimpia Milan logo,Valencia Basket logo,Game preview,10,6,10_6,2026-2027
6-Nov-26,5:00 PM,Besiktas Istanbul logo,Zalgiris Kaunas logo,Game preview,10,7,10_7,2026-2027
6-Nov-26,7:15 PM,Olympiacos Piraeus logo,Crvena Zvezda Belgrade logo,Game preview,10,8,10_8,2026-2027
6-Nov-26,7:30 PM,Virtus Bologna logo,Dubai Basketball logo,Game preview,10,9,10_9,2026-2027
6-Nov-26,7:45 PM,Partizan Belgrade logo,Maccabi Rapyd Tel Aviv logo,Game preview,10,10,10_10,2026-2027
11-Nov-26,7:45 PM,Paris Basketball logo,Fenerbahce Istanbul logo,Game preview,11,1,11_1,2026-2027
11-Nov-26,7:45 PM,Partizan Belgrade logo,Baskonia Vitoria-Gasteiz logo,Game preview,11,2,11_2,2026-2027
12-Nov-26,7:05 PM,Maccabi Rapyd Tel Aviv logo,Hapoel Tel Aviv logo,Game preview,11,3,11_3,2026-2027
12-Nov-26,7:15 PM,Olympiacos Piraeus logo,Dubai Basketball logo,Game preview,11,4,11_4,2026-2027
12-Nov-26,7:30 PM,Armani Olimpia Milan logo,Zalgiris Kaunas logo,Game preview,11,5,11_5,2026-2027
12-Nov-26,7:30 PM,Valencia Basket logo,FC Bayern Munich logo,Game preview,11,6,11_6,2026-2027
12-Nov-26,8:00 PM,Real Madrid logo,Crvena Zvezda Belgrade logo,Game preview,11,7,11_7,2026-2027
13-Nov-26,5:30 PM,Anadolu Efes Istanbul logo,Virtus Bologna logo,Game preview,11,8,11_8,2026-2027
13-Nov-26,7:15 PM,Panathinaikos Athens logo,FC Barcelona logo,Game preview,11,9,11_9,2026-2027
13-Nov-26,7:30 PM,LDLC ASVEL logo,Besiktas Istanbul logo,Game preview,11,10,11_10,2026-2027
17-Nov-26,4:00 PM,Dubai Basketball logo,Anadolu Efes Istanbul logo,Game preview,12,1,12_1,2026-2027
17-Nov-26,5:45 PM,Fenerbahce Istanbul logo,LDLC ASVEL logo,Game preview,12,2,12_2,2026-2027
17-Nov-26,6:00 PM,Zalgiris Kaunas logo,FC Bayern Munich logo,Game preview,12,3,12_3,2026-2027
17-Nov-26,7:05 PM,Maccabi Rapyd Tel Aviv logo,Olympiacos Piraeus logo,Game preview,12,4,12_4,2026-2027
17-Nov-26,7:30 PM,Armani Olimpia Milan logo,Crvena Zvezda Belgrade logo,Game preview,12,5,12_5,2026-2027
17-Nov-26,7:30 PM,FC Barcelona logo,Paris Basketball logo,Game preview,12,6,12_6,2026-2027
17-Nov-26,7:30 PM,Baskonia Vitoria-Gasteiz logo,Hapoel Tel Aviv logo,Game preview,12,7,12_7,2026-2027
17-Nov-26,7:45 PM,Partizan Belgrade logo,Valencia Basket logo,Game preview,12,8,12_8,2026-2027
17-Nov-26,8:00 PM,Virtus Bologna logo,Panathinaikos Athens logo,Game preview,12,9,12_9,2026-2027
18-Nov-26,5:00 PM,Besiktas Istanbul logo,Real Madrid logo,Game preview,12,10,12_10,2026-2027
19-Nov-26,6:00 PM,Zalgiris Kaunas logo,Panathinaikos Athens logo,Game preview,13,1,13_1,2026-2027
19-Nov-26,7:05 PM,Maccabi Rapyd Tel Aviv logo,Dubai Basketball logo,Game preview,13,2,13_2,2026-2027
19-Nov-26,7:30 PM,Armani Olimpia Milan logo,Fenerbahce Istanbul logo,Game preview,13,3,13_3,2026-2027
19-Nov-26,7:30 PM,FC Bayern Munich logo,Baskonia Vitoria-Gasteiz logo,Game preview,13,4,13_4,2026-2027
19-Nov-26,7:45 PM,Paris Basketball logo,Hapoel Tel Aviv logo,Game preview,13,5,13_5,2026-2027
19-Nov-26,8:00 PM,Valencia Basket logo,Virtus Bologna logo,Game preview,13,6,13_6,2026-2027
20-Nov-26,5:30 PM,Anadolu Efes Istanbul logo,LDLC ASVEL logo,Game preview,13,7,13_7,2026-2027
20-Nov-26,7:15 PM,Olympiacos Piraeus logo,Real Madrid logo,Game preview,13,8,13_8,2026-2027
20-Nov-26,7:30 PM,FC Barcelona logo,Crvena Zvezda Belgrade logo,Game preview,13,9,13_9,2026-2027
20-Nov-26,7:45 PM,Partizan Belgrade logo,Besiktas Istanbul logo,Game preview,13,10,13_10,2026-2027
24-Nov-26,5:00 PM,Besiktas Istanbul logo,Paris Basketball logo,Game preview,14,1,14_1,2026-2027
24-Nov-26,6:00 PM,Crvena Zvezda Belgrade logo,Virtus Bologna logo,Game preview,14,2,14_2,2026-2027
24-Nov-26,7:30 PM,FC Bayern Munich logo,Maccabi Rapyd Tel Aviv logo,Game preview,14,3,14_3,2026-2027
24-Nov-26,7:30 PM,Valencia Basket logo,Panathinaikos Athens logo,Game preview,14,4,14_4,2026-2027
24-Nov-26,7:45 PM,LDLC ASVEL logo,Armani Olimpia Milan logo,Game preview,14,5,14_5,2026-2027
24-Nov-26,8:00 PM,FC Barcelona logo,Fenerbahce Istanbul logo,Game preview,14,6,14_6,2026-2027
25-Nov-26,4:00 PM,Dubai Basketball logo,Partizan Belgrade logo,Game preview,14,7,14_7,2026-2027
25-Nov-26,7:15 PM,Olympiacos Piraeus logo,Hapoel Tel Aviv logo,Game preview,14,8,14_8,2026-2027
25-Nov-26,7:30 PM,Baskonia Vitoria-Gasteiz logo,Anadolu Efes Istanbul logo,Game preview,14,9,14_9,2026-2027
25-Nov-26,7:45 PM,Real Madrid logo,Zalgiris Kaunas logo,Game preview,14,10,14_10,2026-2027
3-Dec-26,5:30 PM,Anadolu Efes Istanbul logo,Valencia Basket logo,Game preview,15,1,15_1,2026-2027
3-Dec-26,5:45 PM,Fenerbahce Istanbul logo,Crvena Zvezda Belgrade logo,Game preview,15,2,15_2,2026-2027
3-Dec-26,6:00 PM,Hapoel Tel Aviv logo,Armani Olimpia Milan logo,Game preview,15,3,15_3,2026-2027
3-Dec-26,7:30 PM,FC Bayern Munich logo,Paris Basketball logo,Game preview,15,4,15_4,2026-2027
3-Dec-26,7:45 PM,Real Madrid logo,FC Barcelona logo,Game preview,15,5,15_5,2026-2027
4-Dec-26,5:00 PM,Besiktas Istanbul logo,Panathinaikos Athens logo,Game preview,15,6,15_6,2026-2027
4-Dec-26,6:00 PM,Zalgiris Kaunas logo,Dubai Basketball logo,Game preview,15,7,15_7,2026-2027
4-Dec-26,7:15 PM,Olympiacos Piraeus logo,LDLC ASVEL logo,Game preview,15,8,15_8,2026-2027
4-Dec-26,7:30 PM,Baskonia Vitoria-Gasteiz logo,Maccabi Rapyd Tel Aviv logo,Game preview,15,9,15_9,2026-2027
4-Dec-26,7:30 PM,Virtus Bologna logo,Partizan Belgrade logo,Game preview,15,10,15_10,2026-2027
10-Dec-26,5:45 PM,Fenerbahce Istanbul logo,Anadolu Efes Istanbul logo,Game preview,16,1,16_1,2026-2027
10-Dec-26,6:00 PM,Hapoel Tel Aviv logo,LDLC ASVEL logo,Game preview,16,2,16_2,2026-2027
10-Dec-26,6:00 PM,Zalgiris Kaunas logo,Baskonia Vitoria-Gasteiz logo,Game preview,16,3,16_3,2026-2027
10-Dec-26,7:30 PM,Armani Olimpia Milan logo,FC Bayern Munich logo,Game preview,16,4,16_4,2026-2027
10-Dec-26,7:45 PM,Paris Basketball logo,Real Madrid logo,Game preview,16,5,16_5,2026-2027
11-Dec-26,4:00 PM,Dubai Basketball logo,Besiktas Istanbul logo,Game preview,16,6,16_6,2026-2027
11-Dec-26,7:15 PM,Panathinaikos Athens logo,Olympiacos Piraeus logo,Game preview,16,7,16_7,2026-2027
11-Dec-26,7:30 PM,Valencia Basket logo,Crvena Zvezda Belgrade logo,Game preview,16,8,16_8,2026-2027
11-Dec-26,7:30 PM,Virtus Bologna logo,Maccabi Rapyd Tel Aviv logo,Game preview,16,9,16_9,2026-2027
11-Dec-26,7:45 PM,Partizan Belgrade logo,FC Barcelona logo,Game preview,16,10,16_10,2026-2027
15-Dec-26,5:45 PM,Fenerbahce Istanbul logo,Hapoel Tel Aviv logo,Game preview,17,1,17_1,2026-2027
15-Dec-26,7:05 PM,Maccabi Rapyd Tel Aviv logo,Zalgiris Kaunas logo,Game preview,17,2,17_2,2026-2027
15-Dec-26,7:30 PM,Valencia Basket logo,Dubai Basketball logo,Game preview,17,3,17_3,2026-2027
15-Dec-26,7:30 PM,Virtus Bologna logo,LDLC ASVEL logo,Game preview,17,4,17_4,2026-2027
15-Dec-26,7:45 PM,Paris Basketball logo,Olympiacos Piraeus logo,Game preview,17,5,17_5,2026-2027
15-Dec-26,7:45 PM,Real Madrid logo,FC Bayern Munich logo,Game preview,17,6,17_6,2026-2027
16-Dec-26,5:00 PM,Besiktas Istanbul logo,Armani Olimpia Milan logo,Game preview,17,7,17_7,2026-2027
16-Dec-26,7:15 PM,Panathinaikos Athens logo,Crvena Zvezda Belgrade logo,Game preview,17,8,17_8,2026-2027
16-Dec-26,7:30 PM,Baskonia Vitoria-Gasteiz logo,FC Barcelona logo,Game preview,17,9,17_9,2026-2027
16-Dec-26,7:45 PM,Partizan Belgrade logo,Anadolu Efes Istanbul logo,Game preview,17,10,17_10,2026-2027
17-Dec-26,5:45 PM,Fenerbahce Istanbul logo,Maccabi Rapyd Tel Aviv logo,Game preview,18,1,18_1,2026-2027
17-Dec-26,6:00 PM,Hapoel Tel Aviv logo,Zalgiris Kaunas logo,Game preview,18,2,18_2,2026-2027
17-Dec-26,7:00 PM,LDLC ASVEL logo,Dubai Basketball logo,Game preview,18,3,18_3,2026-2027
17-Dec-26,7:45 PM,Real Madrid logo,Valencia Basket logo,Game preview,18,4,18_4,2026-2027
18-Dec-26,5:30 PM,Anadolu Efes Istanbul logo,Armani Olimpia Milan logo,Game preview,18,5,18_5,2026-2027
18-Dec-26,7:15 PM,Olympiacos Piraeus logo,Partizan Belgrade logo,Game preview,18,6,18_6,2026-2027
18-Dec-26,7:30 PM,Crvena Zvezda Belgrade logo,Besiktas Istanbul logo,Game preview,18,7,18_7,2026-2027
18-Dec-26,7:30 PM,FC Bayern Munich logo,Panathinaikos Athens logo,Game preview,18,8,18_8,2026-2027
18-Dec-26,7:30 PM,Baskonia Vitoria-Gasteiz logo,Paris Basketball logo,Game preview,18,9,18_9,2026-2027
18-Dec-26,7:45 PM,FC Barcelona logo,Virtus Bologna logo,Game preview,18,10,18_10,2026-2027
22-Dec-26,5:00 PM,Besiktas Istanbul logo,Fenerbahce Istanbul logo,Game preview,19,1,19_1,2026-2027
22-Dec-26,6:00 PM,Hapoel Tel Aviv logo,Partizan Belgrade logo,Game preview,19,2,19_2,2026-2027
22-Dec-26,7:00 PM,LDLC ASVEL logo,FC Barcelona logo,Game preview,19,3,19_3,2026-2027
22-Dec-26,7:30 PM,FC Bayern Munich logo,Olympiacos Piraeus logo,Game preview,19,4,19_4,2026-2027
22-Dec-26,7:30 PM,Virtus Bologna logo,Real Madrid logo,Game preview,19,5,19_5,2026-2027
23-Dec-26,4:00 PM,Dubai Basketball logo,Panathinaikos Athens logo,Game preview,19,6,19_6,2026-2027
23-Dec-26,6:00 PM,Zalgiris Kaunas logo,Valencia Basket logo,Game preview,19,7,19_7,2026-2027
23-Dec-26,7:00 PM,Crvena Zvezda Belgrade logo,Baskonia Vitoria-Gasteiz logo,Game preview,19,8,19_8,2026-2027
23-Dec-26,7:05 PM,Maccabi Rapyd Tel Aviv logo,Anadolu Efes Istanbul logo,Game preview,19,9,19_9,2026-2027
23-Dec-26,7:30 PM,Armani Olimpia Milan logo,Paris Basketball logo,Game preview,19,10,19_10,2026-2027
29-Dec-26,5:45 PM,Fenerbahce Istanbul logo,Panathinaikos Athens logo,Game preview,20,1,20_1,2026-2027
29-Dec-26,6:00 PM,Hapoel Tel Aviv logo,Maccabi Rapyd Tel Aviv logo,Game preview,20,2,20_2,2026-2027
29-Dec-26,7:30 PM,Baskonia Vitoria-Gasteiz logo,Valencia Basket logo,Game preview,20,3,20_3,2026-2027
29-Dec-26,7:45 PM,Partizan Belgrade logo,Zalgiris Kaunas logo,Game preview,20,4,20_4,2026-2027
29-Dec-26,8:00 PM,Real Madrid logo,Dubai Basketball logo,Game preview,20,5,20_5,2026-2027
30-Dec-26,5:30 PM,Anadolu Efes Istanbul logo,FC Barcelona logo,Game preview,20,6,20_6,2026-2027
30-Dec-26,7:00 PM,LDLC ASVEL logo,Olympiacos Piraeus logo,Game preview,20,7,20_7,2026-2027
30-Dec-26,7:30 PM,FC Bayern Munich logo,Besiktas Istanbul logo,Game preview,20,8,20_8,2026-2027
30-Dec-26,7:30 PM,Virtus Bologna logo,Armani Olimpia Milan logo,Game preview,20,9,20_9,2026-2027
30-Dec-26,7:45 PM,Paris Basketball logo,Crvena Zvezda Belgrade logo,Game preview,20,10,20_10,2026-2027
6-Jan-27,7:30 PM,FC Barcelona logo,Besiktas Istanbul logo,Game preview,21,1,21_1,2026-2027
7-Jan-27,5:30 PM,Anadolu Efes Istanbul logo,Fenerbahce Istanbul logo,Game preview,21,2,21_2,2026-2027
7-Jan-27,6:00 PM,Zalgiris Kaunas logo,Paris Basketball logo,Game preview,21,3,21_3,2026-2027
7-Jan-27,7:05 PM,Maccabi Rapyd Tel Aviv logo,Panathinaikos Athens logo,Game preview,21,4,21_4,2026-2027
7-Jan-27,7:30 PM,Armani Olimpia Milan logo,Hapoel Tel Aviv logo,Game preview,21,5,21_5,2026-2027
7-Jan-27,7:30 PM,Valencia Basket logo,Partizan Belgrade logo,Game preview,21,6,21_6,2026-2027
8-Jan-27,4:00 PM,Dubai Basketball logo,FC Bayern Munich logo,Game preview,21,7,21_7,2026-2027
8-Jan-27,7:00 PM,Crvena Zvezda Belgrade logo,LDLC ASVEL logo,Game preview,21,8,21_8,2026-2027
8-Jan-27,7:30 PM,Baskonia Vitoria-Gasteiz logo,Virtus Bologna logo,Game preview,21,9,21_9,2026-2027
8-Jan-27,7:45 PM,Real Madrid logo,Olympiacos Piraeus logo,Game preview,21,10,21_10,2026-2027
12-Jan-27,4:00 PM,Dubai Basketball logo,Fenerbahce Istanbul logo,Game preview,22,1,22_1,2026-2027
12-Jan-27,6:00 PM,Hapoel Tel Aviv logo,Paris Basketball logo,Game preview,22,2,22_2,2026-2027
12-Jan-27,7:00 PM,Crvena Zvezda Belgrade logo,Real Madrid logo,Game preview,22,3,22_3,2026-2027
12-Jan-27,7:00 PM,LDLC ASVEL logo,Zalgiris Kaunas logo,Game preview,22,4,22_4,2026-2027
12-Jan-27,7:05 PM,Maccabi Rapyd Tel Aviv logo,FC Bayern Munich logo,Game preview,22,5,22_5,2026-2027
12-Jan-27,7:15 PM,Panathinaikos Athens logo,Valencia Basket logo,Game preview,22,6,22_6,2026-2027
12-Jan-27,7:30 PM,FC Barcelona logo,Armani Olimpia Milan logo,Game preview,22,7,22_7,2026-2027
12-Jan-27,7:30 PM,Virtus Bologna logo,Anadolu Efes Istanbul logo,Game preview,22,8,22_8,2026-2027
13-Jan-27,5:00 PM,Besiktas Istanbul logo,Partizan Belgrade logo,Game preview,22,9,22_9,2026-2027
13-Jan-27,7:15 PM,Olympiacos Piraeus logo,Baskonia Vitoria-Gasteiz logo,Game preview,22,10,22_10,2026-2027
14-Jan-27,6:00 PM,Hapoel Tel Aviv logo,Valencia Basket logo,Game preview,23,1,23_1,2026-2027
14-Jan-27,6:00 PM,Zalgiris Kaunas logo,Crvena Zvezda Belgrade logo,Game preview,23,2,23_2,2026-2027
14-Jan-27,7:15 PM,Panathinaikos Athens logo,FC Bayern Munich logo,Game preview,23,3,23_3,2026-2027
14-Jan-27,7:30 PM,Armani Olimpia Milan logo,LDLC ASVEL logo,Game preview,23,4,23_4,2026-2027
14-Jan-27,7:45 PM,Real Madrid logo,Anadolu Efes Istanbul logo,Game preview,23,5,23_5,2026-2027
15-Jan-27,4:00 PM,Dubai Basketball logo,Maccabi Rapyd Tel Aviv logo,Game preview,23,6,23_6,2026-2027
15-Jan-27,5:00 PM,Besiktas Istanbul logo,Baskonia Vitoria-Gasteiz logo,Game preview,23,7,23_7,2026-2027
15-Jan-27,7:15 PM,Olympiacos Piraeus logo,Paris Basketball logo,Game preview,23,8,23_8,2026-2027
15-Jan-27,7:30 PM,Virtus Bologna logo,FC Barcelona logo,Game preview,23,9,23_9,2026-2027
15-Jan-27,7:45 PM,Partizan Belgrade logo,Fenerbahce Istanbul logo,Game preview,23,10,23_10,2026-2027
21-Jan-27,5:45 PM,Fenerbahce Istanbul logo,Besiktas Istanbul logo,Game preview,24,1,24_1,2026-2027
21-Jan-27,6:00 PM,Hapoel Tel Aviv logo,Panathinaikos Athens logo,Game preview,24,2,24_2,2026-2027
21-Jan-27,7:30 PM,FC Bayern Munich logo,Armani Olimpia Milan logo,Game preview,24,3,24_3,2026-2027
21-Jan-27,7:45 PM,Paris Basketball logo,Baskonia Vitoria-Gasteiz logo,Game preview,24,4,24_4,2026-2027
21-Jan-27,7:45 PM,Partizan Belgrade logo,Olympiacos Piraeus logo,Game preview,24,5,24_5,2026-2027
21-Jan-27,7:45 PM,Real Madrid logo,Maccabi Rapyd Tel Aviv logo,Game preview,24,6,24_6,2026-2027
22-Jan-27,5:30 PM,Anadolu Efes Istanbul logo,Dubai Basketball logo,Game preview,24,7,24_7,2026-2027
22-Jan-27,6:00 PM,Zalgiris Kaunas logo,Virtus Bologna logo,Game preview,24,8,24_8,2026-2027
22-Jan-27,7:00 PM,Crvena Zvezda Belgrade logo,FC Barcelona logo,Game preview,24,9,24_9,2026-2027
22-Jan-27,7:30 PM,Valencia Basket logo,LDLC ASVEL logo,Game preview,24,10,24_10,2026-2027
28-Jan-27,5:00 PM,Besiktas Istanbul logo,Crvena Zvezda Belgrade logo,Game preview,25,1,25_1,2026-2027
28-Jan-27,7:15 PM,Olympiacos Piraeus logo,Maccabi Rapyd Tel Aviv logo,Game preview,25,2,25_2,2026-2027
28-Jan-27,7:30 PM,FC Bayern Munich logo,Valencia Basket logo,Game preview,25,3,25_3,2026-2027
28-Jan-27,7:30 PM,Baskonia Vitoria-Gasteiz logo,Zalgiris Kaunas logo,Game preview,25,4,25_4,2026-2027
28-Jan-27,7:30 PM,Virtus Bologna logo,Paris Basketball logo,Game preview,25,5,25_5,2026-2027
29-Jan-27,5:45 PM,Fenerbahce Istanbul logo,Real Madrid logo,Game preview,25,6,25_6,2026-2027
29-Jan-27,7:00 PM,LDLC ASVEL logo,Hapoel Tel Aviv logo,Game preview,25,7,25_7,2026-2027
29-Jan-27,7:15 PM,Panathinaikos Athens logo,Anadolu Efes Istanbul logo,Game preview,25,8,25_8,2026-2027
29-Jan-27,7:30 PM,Armani Olimpia Milan logo,Partizan Belgrade logo,Game preview,25,9,25_9,2026-2027
29-Jan-27,7:30 PM,FC Barcelona logo,Dubai Basketball logo,Game preview,25,10,25_10,2026-2027
2-Feb-27,5:30 PM,Anadolu Efes Istanbul logo,Zalgiris Kaunas logo,Game preview,26,1,26_1,2026-2027
2-Feb-27,7:05 PM,Maccabi Rapyd Tel Aviv logo,Virtus Bologna logo,Game preview,26,2,26_2,2026-2027
2-Feb-27,7:15 PM,Panathinaikos Athens logo,Dubai Basketball logo,Game preview,26,3,26_3,2026-2027
2-Feb-27,7:30 PM,Baskonia Vitoria-Gasteiz logo,Fenerbahce Istanbul logo,Game preview,26,4,26_4,2026-2027
2-Feb-27,7:45 PM,Paris Basketball logo,Besiktas Istanbul logo,Game preview,26,5,26_5,2026-2027
2-Feb-27,7:45 PM,Partizan Belgrade logo,Real Madrid logo,Game preview,26,6,26_6,2026-2027
3-Feb-27,6:00 PM,Hapoel Tel Aviv logo,Olympiacos Piraeus logo,Game preview,26,7,26_7,2026-2027
3-Feb-27,7:30 PM,FC Barcelona logo,LDLC ASVEL logo,Game preview,26,8,26_8,2026-2027
3-Feb-27,7:30 PM,FC Bayern Munich logo,Crvena Zvezda Belgrade logo,Game preview,26,9,26_9,2026-2027
3-Feb-27,7:45 PM,Valencia Basket logo,Armani Olimpia Milan logo,Game preview,26,10,26_10,2026-2027
4-Feb-27,4:00 PM,Dubai Basketball logo,Virtus Bologna logo,Game preview,27,1,27_1,2026-2027
4-Feb-27,5:30 PM,Anadolu Efes Istanbul logo,Maccabi Rapyd Tel Aviv logo,Game preview,27,2,27_2,2026-2027
4-Feb-27,6:00 PM,Zalgiris Kaunas logo,Besiktas Istanbul logo,Game preview,27,3,27_3,2026-2027
4-Feb-27,7:45 PM,Real Madrid logo,Paris Basketball logo,Game preview,27,4,27_4,2026-2027
5-Feb-27,7:00 PM,LDLC ASVEL logo,Fenerbahce Istanbul logo,Game preview,27,5,27_5,2026-2027
5-Feb-27,7:15 PM,Olympiacos Piraeus logo,FC Bayern Munich logo,Game preview,27,6,27_6,2026-2027
5-Feb-27,7:30 PM,Armani Olimpia Milan logo,Panathinaikos Athens logo,Game preview,27,7,27_7,2026-2027
5-Feb-27,7:30 PM,Baskonia Vitoria-Gasteiz logo,Crvena Zvezda Belgrade logo,Game preview,27,8,27_8,2026-2027
5-Feb-27,7:45 PM,Partizan Belgrade logo,Hapoel Tel Aviv logo,Game preview,27,9,27_9,2026-2027
5-Feb-27,7:45 PM,Valencia Basket logo,FC Barcelona logo,Game preview,27,10,27_10,2026-2027
10-Feb-27,6:00 PM,Hapoel Tel Aviv logo,Baskonia Vitoria-Gasteiz logo,Game preview,28,1,28_1,2026-2027
10-Feb-27,7:00 PM,LDLC ASVEL logo,Anadolu Efes Istanbul logo,Game preview,28,2,28_2,2026-2027
11-Feb-27,5:00 PM,Besiktas Istanbul logo,Dubai Basketball logo,Game preview,28,3,28_3,2026-2027
11-Feb-27,7:00 PM,Crvena Zvezda Belgrade logo,Partizan Belgrade logo,Game preview,28,4,28_4,2026-2027
11-Feb-27,7:05 PM,Maccabi Rapyd Tel Aviv logo,FC Barcelona logo,Game preview,28,5,28_5,2026-2027
11-Feb-27,7:30 PM,Valencia Basket logo,Paris Basketball logo,Game preview,28,6,28_6,2026-2027
11-Feb-27,7:30 PM,Virtus Bologna logo,FC Bayern Munich logo,Game preview,28,7,28_7,2026-2027
12-Feb-27,5:45 PM,Fenerbahce Istanbul logo,Armani Olimpia Milan logo,Game preview,28,8,28_8,2026-2027
12-Feb-27,6:00 PM,Zalgiris Kaunas logo,Real Madrid logo,Game preview,28,9,28_9,2026-2027
12-Feb-27,7:15 PM,Olympiacos Piraeus logo,Panathinaikos Athens logo,Game preview,28,10,28_10,2026-2027
4-Mar-27,7:15 PM,Panathinaikos Athens logo,Besiktas Istanbul logo,Game preview,29,1,29_1,2026-2027
4-Mar-27,7:30 PM,Valencia Basket logo,Zalgiris Kaunas logo,Game preview,29,2,29_2,2026-2027
4-Mar-27,7:30 PM,Virtus Bologna logo,Hapoel Tel Aviv logo,Game preview,29,3,29_3,2026-2027
4-Mar-27,7:45 PM,Baskonia Vitoria-Gasteiz logo,Partizan Belgrade logo,Game preview,29,4,29_4,2026-2027
4-Mar-27,7:45 PM,Paris Basketball logo,Maccabi Rapyd Tel Aviv logo,Game preview,29,5,29_5,2026-2027
5-Mar-27,4:00 PM,Dubai Basketball logo,Olympiacos Piraeus logo,Game preview,29,6,29_6,2026-2027
5-Mar-27,7:00 PM,Crvena Zvezda Belgrade logo,Fenerbahce Istanbul logo,Game preview,29,7,29_7,2026-2027
5-Mar-27,7:30 PM,Armani Olimpia Milan logo,Anadolu Efes Istanbul logo,Game preview,29,8,29_8,2026-2027
5-Mar-27,7:30 PM,FC Barcelona logo,Real Madrid logo,Game preview,29,9,29_9,2026-2027
5-Mar-27,7:30 PM,FC Bayern Munich logo,LDLC ASVEL logo,Game preview,29,10,29_10,2026-2027
9-Mar-27,5:00 PM,Besiktas Istanbul logo,LDLC ASVEL logo,Game preview,30,1,30_1,2026-2027
9-Mar-27,6:00 PM,Zalgiris Kaunas logo,FC Barcelona logo,Game preview,30,2,30_2,2026-2027
9-Mar-27,7:05 PM,Maccabi Rapyd Tel Aviv logo,Crvena Zvezda Belgrade logo,Game preview,30,3,30_3,2026-2027
9-Mar-27,7:30 PM,FC Bayern Munich logo,Anadolu Efes Istanbul logo,Game preview,30,4,30_4,2026-2027
9-Mar-27,7:30 PM,Baskonia Vitoria-Gasteiz logo,Panathinaikos Athens logo,Game preview,30,5,30_5,2026-2027
9-Mar-27,7:30 PM,Virtus Bologna logo,Fenerbahce Istanbul logo,Game preview,30,6,30_6,2026-2027
9-Mar-27,7:45 PM,Partizan Belgrade logo,Paris Basketball logo,Game preview,30,7,30_7,2026-2027
9-Mar-27,7:45 PM,Real Madrid logo,Hapoel Tel Aviv logo,Game preview,30,8,30_8,2026-2027
10-Mar-27,4:00 PM,Dubai Basketball logo,Valencia Basket logo,Game preview,30,9,30_9,2026-2027
10-Mar-27,7:30 PM,Armani Olimpia Milan logo,Olympiacos Piraeus logo,Game preview,30,10,30_10,2026-2027
11-Mar-27,5:30 PM,Anadolu Efes Istanbul logo,Partizan Belgrade logo,Game preview,31,1,31_1,2026-2027
11-Mar-27,7:05 PM,Maccabi Rapyd Tel Aviv logo,LDLC ASVEL logo,Game preview,31,2,31_2,2026-2027
11-Mar-27,7:30 PM,FC Bayern Munich logo,Hapoel Tel Aviv logo,Game preview,31,3,31_3,2026-2027
11-Mar-27,7:45 PM,Paris Basketball logo,Panathinaikos Athens logo,Game preview,31,4,31_4,2026-2027
11-Mar-27,7:45 PM,Real Madrid logo,Virtus Bologna logo,Game preview,31,5,31_5,2026-2027
12-Mar-27,5:45 PM,Fenerbahce Istanbul logo,Valencia Basket logo,Game preview,31,6,31_6,2026-2027
12-Mar-27,6:00 PM,Zalgiris Kaunas logo,Armani Olimpia Milan logo,Game preview,31,7,31_7,2026-2027
12-Mar-27,7:00 PM,Crvena Zvezda Belgrade logo,Dubai Basketball logo,Game preview,31,8,31_8,2026-2027
12-Mar-27,7:15 PM,Olympiacos Piraeus logo,Besiktas Istanbul logo,Game preview,31,9,31_9,2026-2027
12-Mar-27,7:30 PM,FC Barcelona logo,Baskonia Vitoria-Gasteiz logo,Game preview,31,10,31_10,2026-2027
18-Mar-27,5:45 PM,Fenerbahce Istanbul logo,Paris Basketball logo,Game preview,32,1,32_1,2026-2027
18-Mar-27,7:05 PM,Maccabi Rapyd Tel Aviv logo,Valencia Basket logo,Game preview,32,2,32_2,2026-2027
18-Mar-27,7:15 PM,Panathinaikos Athens logo,Zalgiris Kaunas logo,Game preview,32,3,32_3,2026-2027
18-Mar-27,7:45 PM,Partizan Belgrade logo,FC Bayern Munich logo,Game preview,32,4,32_4,2026-2027
18-Mar-27,7:45 PM,Real Madrid logo,Baskonia Vitoria-Gasteiz logo,Game preview,32,5,32_5,2026-2027
19-Mar-27,4:00 PM,Dubai Basketball logo,Armani Olimpia Milan logo,Game preview,32,6,32_6,2026-2027
19-Mar-27,5:00 PM,Besiktas Istanbul logo,Anadolu Efes Istanbul logo,Game preview,32,7,32_7,2026-2027
19-Mar-27,7:00 PM,Crvena Zvezda Belgrade logo,Olympiacos Piraeus logo,Game preview,32,8,32_8,2026-2027
19-Mar-27,7:00 PM,LDLC ASVEL logo,Virtus Bologna logo,Game preview,32,9,32_9,2026-2027
19-Mar-27,7:30 PM,FC Barcelona logo,Hapoel Tel Aviv logo,Game preview,32,10,32_10,2026-2027
23-Mar-27,4:00 PM,Dubai Basketball logo,Baskonia Vitoria-Gasteiz logo,Game preview,33,1,33_1,2026-2027
23-Mar-27,5:30 PM,Anadolu Efes Istanbul logo,Crvena Zvezda Belgrade logo,Game preview,33,2,33_2,2026-2027
23-Mar-27,6:00 PM,Hapoel Tel Aviv logo,Fenerbahce Istanbul logo,Game preview,33,3,33_3,2026-2027
23-Mar-27,7:00 PM,LDLC ASVEL logo,Panathinaikos Athens logo,Game preview,33,4,33_4,2026-2027
23-Mar-27,7:45 PM,Paris Basketball logo,Armani Olimpia Milan logo,Game preview,33,5,33_5,2026-2027
23-Mar-27,7:45 PM,Partizan Belgrade logo,Virtus Bologna logo,Game preview,33,6,33_6,2026-2027
24-Mar-27,6:00 PM,Zalgiris Kaunas logo,Maccabi Rapyd Tel Aviv logo,Game preview,33,7,33_7,2026-2027
24-Mar-27,7:15 PM,Olympiacos Piraeus logo,FC Barcelona logo,Game preview,33,8,33_8,2026-2027
24-Mar-27,7:30 PM,FC Bayern Munich logo,Real Madrid logo,Game preview,33,9,33_9,2026-2027
24-Mar-27,7:30 PM,Valencia Basket logo,Besiktas Istanbul logo,Game preview,33,10,33_10,2026-2027
25-Mar-27,5:30 PM,Anadolu Efes Istanbul logo,Baskonia Vitoria-Gasteiz logo,Game preview,34,1,34_1,2026-2027
25-Mar-27,6:00 PM,Hapoel Tel Aviv logo,Dubai Basketball logo,Game preview,34,2,34_2,2026-2027
25-Mar-27,7:00 PM,LDLC ASVEL logo,Paris Basketball logo,Game preview,34,3,34_3,2026-2027
25-Mar-27,7:15 PM,Panathinaikos Athens logo,Partizan Belgrade logo,Game preview,34,4,34_4,2026-2027
26-Mar-27,5:45 PM,Fenerbahce Istanbul logo,FC Barcelona logo,Game preview,34,5,34_5,2026-2027
26-Mar-27,7:00 PM,Crvena Zvezda Belgrade logo,Valencia Basket logo,Game preview,34,6,34_6,2026-2027
26-Mar-27,7:15 PM,Olympiacos Piraeus logo,Virtus Bologna logo,Game preview,34,7,34_7,2026-2027
26-Mar-27,7:30 PM,Armani Olimpia Milan logo,Maccabi Rapyd Tel Aviv logo,Game preview,34,8,34_8,2026-2027
26-Mar-27,7:30 PM,FC Bayern Munich logo,Zalgiris Kaunas logo,Game preview,34,9,34_9,2026-2027
26-Mar-27,7:45 PM,Real Madrid logo,Besiktas Istanbul logo,Game preview,34,10,34_10,2026-2027
31-Mar-27,5:30 PM,Anadolu Efes Istanbul logo,Olympiacos Piraeus logo,Game preview,35,1,35_1,2026-2027
31-Mar-27,6:00 PM,Zalgiris Kaunas logo,Hapoel Tel Aviv logo,Game preview,35,2,35_2,2026-2027
31-Mar-27,6:30 PM,Virtus Bologna logo,Crvena Zvezda Belgrade logo,Game preview,35,3,35_3,2026-2027
1-Apr-27,6:05 PM,Maccabi Rapyd Tel Aviv logo,Fenerbahce Istanbul logo,Game preview,35,4,35_4,2026-2027
1-Apr-27,6:30 PM,Armani Olimpia Milan logo,Besiktas Istanbul logo,Game preview,35,5,35_5,2026-2027
1-Apr-27,6:30 PM,Valencia Basket logo,Real Madrid logo,Game preview,35,6,35_6,2026-2027
1-Apr-27,6:45 PM,Paris Basketball logo,Dubai Basketball logo,Game preview,35,7,35_7,2026-2027
2-Apr-27,6:30 PM,FC Barcelona logo,Panathinaikos Athens logo,Game preview,35,8,35_8,2026-2027
2-Apr-27,6:30 PM,Baskonia Vitoria-Gasteiz logo,FC Bayern Munich logo,Game preview,35,9,35_9,2026-2027
2-Apr-27,6:45 PM,Partizan Belgrade logo,LDLC ASVEL logo,Game preview,35,10,35_10,2026-2027
6-Apr-27,5:00 PM,Besiktas Istanbul logo,Hapoel Tel Aviv logo,Game preview,36,1,36_1,2026-2027
6-Apr-27,5:45 PM,Fenerbahce Istanbul logo,Olympiacos Piraeus logo,Game preview,36,2,36_2,2026-2027
6-Apr-27,6:30 PM,Crvena Zvezda Belgrade logo,Panathinaikos Athens logo,Game preview,36,3,36_3,2026-2027
6-Apr-27,6:30 PM,Baskonia Vitoria-Gasteiz logo,LDLC ASVEL logo,Game preview,36,4,36_4,2026-2027
6-Apr-27,6:30 PM,Virtus Bologna logo,Valencia Basket logo,Game preview,36,5,36_5,2026-2027
6-Apr-27,6:45 PM,FC Barcelona logo,FC Bayern Munich logo,Game preview,36,6,36_6,2026-2027
6-Apr-27,6:45 PM,Paris Basketball logo,Anadolu Efes Istanbul logo,Game preview,36,7,36_7,2026-2027
6-Apr-27,6:45 PM,Real Madrid logo,Armani Olimpia Milan logo,Game preview,36,8,36_8,2026-2027
7-Apr-27,4:00 PM,Dubai Basketball logo,Zalgiris Kaunas logo,Game preview,36,9,36_9,2026-2027
7-Apr-27,6:05 PM,Maccabi Rapyd Tel Aviv logo,Partizan Belgrade logo,Game preview,36,10,36_10,2026-2027
8-Apr-27,5:00 PM,Hapoel Tel Aviv logo,Crvena Zvezda Belgrade logo,Game preview,37,1,37_1,2026-2027
8-Apr-27,6:00 PM,LDLC ASVEL logo,Real Madrid logo,Game preview,37,2,37_2,2026-2027
8-Apr-27,6:15 PM,Panathinaikos Athens logo,Virtus Bologna logo,Game preview,37,3,37_3,2026-2027
8-Apr-27,6:30 PM,Armani Olimpia Milan logo,Baskonia Vitoria-Gasteiz logo,Game preview,37,4,37_4,2026-2027
8-Apr-27,6:30 PM,FC Bayern Munich logo,Fenerbahce Istanbul logo,Game preview,37,5,37_5,2026-2027
8-Apr-27,6:30 PM,Valencia Basket logo,Anadolu Efes Istanbul logo,Game preview,37,6,37_6,2026-2027
8-Apr-27,6:45 PM,Paris Basketball logo,FC Barcelona logo,Game preview,37,7,37_7,2026-2027
9-Apr-27,5:00 PM,Besiktas Istanbul logo,Maccabi Rapyd Tel Aviv logo,Game preview,37,8,37_8,2026-2027
9-Apr-27,6:15 PM,Olympiacos Piraeus logo,Zalgiris Kaunas logo,Game preview,37,9,37_9,2026-2027
9-Apr-27,6:45 PM,Partizan Belgrade logo,Dubai Basketball logo,Game preview,37,10,37_10,2026-2027
15-Apr-27,5:00 PM,Zalgiris Kaunas logo,Fenerbahce Istanbul logo,Game preview,38,1,38_1,2026-2027
15-Apr-27,5:30 PM,Anadolu Efes Istanbul logo,Hapoel Tel Aviv logo,Game preview,38,2,38_2,2026-2027
15-Apr-27,6:00 PM,Crvena Zvezda Belgrade logo,Armani Olimpia Milan logo,Game preview,38,3,38_3,2026-2027
15-Apr-27,6:05 PM,Maccabi Rapyd Tel Aviv logo,Baskonia Vitoria-Gasteiz logo,Game preview,38,4,38_4,2026-2027
15-Apr-27,6:15 PM,Panathinaikos Athens logo,Real Madrid logo,Game preview,38,5,38_5,2026-2027
15-Apr-27,6:45 PM,Paris Basketball logo,FC Bayern Munich logo,Game preview,38,6,38_6,2026-2027
16-Apr-27,4:00 PM,Dubai Basketball logo,LDLC ASVEL logo,Game preview,38,7,38_7,2026-2027
16-Apr-27,5:00 PM,Besiktas Istanbul logo,Virtus Bologna logo,Game preview,38,8,38_8,2026-2027
16-Apr-27,6:15 PM,Olympiacos Piraeus logo,Valencia Basket logo,Game preview,38,9,38_9,2026-2027
16-Apr-27,6:30 PM,FC Barcelona logo,Partizan Belgrade logo,Game preview,38,10,38_10,2026-2027
