Fixture,Phase,IDGAME,Home,Away,Home_Points,Away_Points,Q1H,Q2H,Q3H,Q4H,Q1A,Q2A,Q3A,Q4A,EXH,EXA,Winner,Loser,Home_win,Away_win,Season
1,Regular Season,1-1,MAC,BAY,69,68,25,15,14,15,18,14,26,10,0,0,MAC,BAY,1,0,2021-2022
1,Regular Season,1-2,MIL,CSK,84,74,21,23,18,22,29,16,14,15,0,0,MIL,CSK,1,0,2021-2022
1,Regular Season,1-3,ASM,PAN,75,63,22,16,18,19,15,13,16,19,0,0,ASM,PAN,1,0,2021-2022
1,Regular Season,1-4,RMB,EFE,82,69,32,18,18,14,15,20,13,21,0,0,RMB,EFE,1,0,2021-2022
1,Regular Season,1-5,BAR,BER,96,64,28,22,13,33,15,14,17,18,0,0,BAR,BER,1,0,2021-2022
1,Regular Season,1-6,OLY,BAS,75,50,28,19,16,12,13,9,20,8,0,0,OLY,BAS,1,0,2021-2022
1,Regular Season,1-7,FEN,CRV,61,57,18,10,17,16,15,11,11,20,0,0,FEN,CRV,1,0,2021-2022
1,Regular Season,1-8,UNS,ZEN,69,70,22,11,16,20,18,15,18,19,0,0,ZEN,UNS,0,1,2021-2022
1,Regular Season,1-9,VIL,ZAL,88,76,19,25,19,25,16,20,19,21,0,0,VIL,ZAL,1,0,2021-2022
2,Regular Season,2-1,BAY,BAR,72,80,15,18,14,25,16,28,19,17,0,0,BAR,BAY,0,1,2021-2022
2,Regular Season,2-2,MAC,CRV,63,75,10,17,10,26,20,15,19,21,0,0,CRV,MAC,0,1,2021-2022
2,Regular Season,2-3,PAN,FEN,91,87,20,25,19,27,21,25,21,20,0,0,PAN,FEN,1,0,2021-2022
2,Regular Season,2-4,ZAL,ZEN,64,70,16,18,17,13,21,19,15,15,0,0,ZEN,ZAL,0,1,2021-2022
2,Regular Season,2-5,BER,VIL,67,71,18,13,12,24,13,21,15,22,0,0,VIL,BER,0,1,2021-2022
2,Regular Season,2-6,EFE,CSK,96,100,21,25,22,28,26,25,28,21,0,0,CSK,EFE,0,1,2021-2022
2,Regular Season,2-7,OLY,RMB,74,68,13,22,19,20,10,26,16,16,0,0,OLY,RMB,1,0,2021-2022
2,Regular Season,2-8,UNS,ASM,80,88,15,20,23,16,18,21,11,24,6,14,ASM,UNS,0,1,2021-2022
2,Regular Season,2-9,BAS,MIL,64,78,17,13,17,17,19,19,19,21,0,0,MIL,BAS,0,1,2021-2022
3,Regular Season,3-1,BER,FEN,84,70,18,9,30,27,19,16,18,17,0,0,BER,FEN,1,0,2021-2022
3,Regular Season,3-2,CSK,ZEN,77,67,21,15,23,18,14,17,21,15,0,0,CSK,ZEN,1,0,2021-2022
3,Regular Season,3-3,MIL,MAC,83,72,26,26,11,20,15,15,19,23,0,0,MIL,MAC,1,0,2021-2022
3,Regular Season,3-4,UNS,BAY,73,70,12,14,19,28,19,18,13,20,0,0,UNS,BAY,1,0,2021-2022
3,Regular Season,3-5,VIL,EFE,75,73,20,15,18,22,25,24,13,11,0,0,VIL,EFE,1,0,2021-2022
3,Regular Season,3-6,BAS,PAN,81,79,15,25,21,20,17,18,24,20,0,0,BAS,PAN,1,0,2021-2022
3,Regular Season,3-7,BAR,OLY,79,78,10,17,28,12,17,15,15,20,12,11,BAR,OLY,1,0,2021-2022
3,Regular Season,3-8,RMB,ASM,94,86,30,21,21,22,12,27,26,21,0,0,RMB,ASM,1,0,2021-2022
3,Regular Season,3-9,CRV,ZAL,73,61,13,16,17,27,14,13,15,19,0,0,CRV,ZAL,1,0,2021-2022
4,Regular Season,4-1,BER,BAS,76,80,15,14,18,29,21,31,10,18,0,0,BAS,BER,0,1,2021-2022
4,Regular Season,4-2,ZEN,BAY,79,71,31,12,11,25,16,19,25,11,0,0,ZEN,BAY,1,0,2021-2022
4,Regular Season,4-3,FEN,UNS,80,41,21,23,17,19,8,14,5,14,0,0,FEN,UNS,1,0,2021-2022
4,Regular Season,4-4,VIL,MAC,85,93,21,21,20,23,25,24,26,18,0,0,MAC,VIL,0,1,2021-2022
4,Regular Season,4-5,CSK,CRV,78,76,17,25,15,21,21,21,15,19,0,0,CSK,CRV,1,0,2021-2022
4,Regular Season,4-6,MIL,EFE,75,71,16,26,21,12,21,15,13,22,0,0,MIL,EFE,1,0,2021-2022
4,Regular Season,4-7,ASM,BAR,81,85,22,13,19,21,12,19,25,19,6,10,BAR,ASM,0,1,2021-2022
4,Regular Season,4-8,OLY,ZAL,83,68,12,24,27,20,23,16,10,19,0,0,OLY,ZAL,1,0,2021-2022
4,Regular Season,4-9,RMB,PAN,88,65,30,12,20,26,18,12,20,15,0,0,RMB,PAN,1,0,2021-2022
5,Regular Season,5-1,EFE,UNS,71,68,18,14,15,24,22,15,14,17,0,0,EFE,UNS,1,0,2021-2022
5,Regular Season,5-2,MAC,PAN,77,73,19,14,22,22,13,10,17,33,0,0,MAC,PAN,1,0,2021-2022
5,Regular Season,5-3,MIL,VIL,73,72,14,12,25,22,17,23,11,21,0,0,MIL,VIL,1,0,2021-2022
5,Regular Season,5-4,RMB,FEN,70,69,10,25,15,20,15,26,11,17,0,0,RMB,FEN,1,0,2021-2022
5,Regular Season,5-5,ZAL,BAY,73,75,24,15,16,18,13,14,25,23,0,0,BAY,ZAL,0,1,2021-2022
5,Regular Season,5-6,BAR,ZEN,84,58,20,24,22,18,19,8,14,17,0,0,BAR,ZEN,1,0,2021-2022
5,Regular Season,5-7,CSK,OLY,88,82,20,28,18,22,25,13,21,23,0,0,CSK,OLY,1,0,2021-2022
5,Regular Season,5-8,CRV,BER,63,78,10,15,21,17,12,26,20,20,0,0,BER,CRV,0,1,2021-2022
5,Regular Season,5-9,BAS,ASM,78,66,21,17,22,18,20,15,11,20,0,0,BAS,ASM,1,0,2021-2022
6,Regular Season,6-1,BAY,MIL,83,77,21,18,20,24,24,15,15,23,0,0,BAY,MIL,1,0,2021-2022
6,Regular Season,6-2,MAC,ZAL,76,62,16,23,19,18,20,10,16,16,0,0,MAC,ZAL,1,0,2021-2022
6,Regular Season,6-3,ASM,CRV,70,62,21,20,15,14,12,24,17,9,0,0,ASM,CRV,1,0,2021-2022
6,Regular Season,6-4,OLY,BER,87,83,27,25,19,16,19,23,17,24,0,0,OLY,BER,1,0,2021-2022
6,Regular Season,6-5,FEN,BAR,74,76,20,9,19,26,15,20,14,27,0,0,BAR,FEN,0,1,2021-2022
6,Regular Season,6-6,PAN,EFE,95,69,22,30,26,17,13,22,20,14,0,0,PAN,EFE,1,0,2021-2022
6,Regular Season,6-7,ZEN,RMB,68,75,13,27,17,11,22,17,20,16,0,0,RMB,ZEN,0,1,2021-2022
6,Regular Season,6-8,UNS,BAS,83,69,24,24,18,17,17,6,21,25,0,0,UNS,BAS,1,0,2021-2022
6,Regular Season,6-9,VIL,CSK,70,68,26,13,14,17,13,17,26,12,0,0,VIL,CSK,1,0,2021-2022
7,Regular Season,7-1,BER,BAY,69,82,18,18,19,14,19,18,20,25,0,0,BAY,BER,0,1,2021-2022
7,Regular Season,7-2,MAC,BAR,85,68,31,25,9,20,18,18,18,14,0,0,MAC,BAR,1,0,2021-2022
7,Regular Season,7-3,MIL,CRV,79,62,24,19,19,17,6,21,23,12,0,0,MIL,CRV,1,0,2021-2022
7,Regular Season,7-4,OLY,FEN,67,65,19,26,10,12,14,20,19,12,0,0,OLY,FEN,1,0,2021-2022
7,Regular Season,7-5,EFE,ZAL,94,60,24,20,25,25,17,12,17,14,0,0,EFE,ZAL,1,0,2021-2022
7,Regular Season,7-6,ASM,CSK,97,80,13,26,28,30,25,27,12,16,0,0,ASM,CSK,1,0,2021-2022
7,Regular Season,7-7,PAN,VIL,70,84,18,20,16,16,24,19,15,26,0,0,VIL,PAN,0,1,2021-2022
7,Regular Season,7-8,ZEN,BAS,83,54,21,24,20,18,23,7,7,17,0,0,ZEN,BAS,1,0,2021-2022
7,Regular Season,7-9,UNS,RMB,65,58,14,21,14,16,11,23,17,7,0,0,UNS,RMB,1,0,2021-2022
8,Regular Season,8-1,CSK,FEN,82,91,21,23,18,20,25,24,20,22,0,0,FEN,CSK,0,1,2021-2022
8,Regular Season,8-2,MIL,BAR,75,70,28,14,19,14,21,13,15,21,0,0,MIL,BAR,1,0,2021-2022
8,Regular Season,8-3,CRV,PAN,81,48,21,18,18,24,8,18,10,12,0,0,CRV,PAN,1,0,2021-2022
8,Regular Season,8-4,VIL,UNS,85,82,21,18,26,20,24,12,21,25,0,0,VIL,UNS,1,0,2021-2022
8,Regular Season,8-5,EFE,ZEN,79,90,20,13,18,28,22,25,26,17,0,0,ZEN,EFE,0,1,2021-2022
8,Regular Season,8-6,BAY,RMB,76,80,13,19,26,18,13,30,17,20,0,0,RMB,BAY,0,1,2021-2022
8,Regular Season,8-7,OLY,ASM,86,65,17,18,24,27,27,11,14,13,0,0,OLY,ASM,1,0,2021-2022
8,Regular Season,8-8,BAS,MAC,69,87,14,21,19,15,21,23,19,24,0,0,MAC,BAS,0,1,2021-2022
8,Regular Season,8-9,ZAL,BER,71,79,10,27,15,19,22,19,21,17,0,0,BER,ZAL,0,1,2021-2022
9,Regular Season,9-1,BER,EFE,63,90,21,14,12,16,20,31,19,20,0,0,EFE,BER,0,1,2021-2022
9,Regular Season,9-2,BAR,BAS,93,67,32,23,26,12,15,16,10,26,0,0,BAR,BAS,1,0,2021-2022
9,Regular Season,9-3,CSK,MAC,74,73,17,22,19,16,19,19,21,14,0,0,CSK,MAC,1,0,2021-2022
9,Regular Season,9-4,PAN,UNS,72,74,15,21,18,18,15,20,19,20,0,0,UNS,PAN,0,1,2021-2022
9,Regular Season,9-5,CRV,VIL,73,67,18,15,17,23,9,23,13,22,0,0,CRV,VIL,1,0,2021-2022
9,Regular Season,9-6,ASM,BAY,94,71,27,28,17,22,20,23,17,11,0,0,ASM,BAY,1,0,2021-2022
9,Regular Season,9-7,RMB,ZAL,95,82,20,31,24,20,11,34,25,12,0,0,RMB,ZAL,1,0,2021-2022
9,Regular Season,9-8,ZEN,OLY,84,78,25,24,9,26,22,21,14,21,0,0,ZEN,OLY,1,0,2021-2022
9,Regular Season,9-9,FEN,MIL,43,68,3,17,9,14,22,15,25,6,0,0,MIL,FEN,0,1,2021-2022
10,Regular Season,10-1,BAY,FEN,71,63,22,13,14,22,12,18,16,17,0,0,BAY,FEN,1,0,2021-2022
10,Regular Season,10-2,VIL,RMB,74,87,24,19,11,20,33,18,16,20,0,0,RMB,VIL,0,1,2021-2022
10,Regular Season,10-3,BAS,CRV,93,74,25,30,13,25,22,10,21,21,0,0,BAS,CRV,1,0,2021-2022
10,Regular Season,10-4,ZAL,PAN,76,69,20,23,17,16,12,25,15,17,0,0,ZAL,PAN,1,0,2021-2022
10,Regular Season,10-5,EFE,OLY,88,69,23,21,24,20,25,19,22,3,0,0,EFE,OLY,1,0,2021-2022
10,Regular Season,10-6,BAR,CSK,81,73,13,25,13,30,13,14,33,13,0,0,BAR,CSK,1,0,2021-2022
10,Regular Season,10-7,MAC,ASM,95,84,26,15,21,33,19,25,17,23,0,0,MAC,ASM,1,0,2021-2022
10,Regular Season,10-8,ZEN,BER,75,66,20,22,17,16,14,16,20,16,0,0,ZEN,BER,1,0,2021-2022
10,Regular Season,10-9,UNS,MIL,97,71,19,25,27,26,17,16,16,22,0,0,UNS,MIL,1,0,2021-2022
11,Regular Season,11-1,BAY,PAN,81,78,22,15,22,22,22,22,16,18,0,0,BAY,PAN,1,0,2021-2022
11,Regular Season,11-2,RMB,CRV,79,67,16,16,25,22,13,19,14,21,0,0,RMB,CRV,1,0,2021-2022
11,Regular Season,11-3,EFE,ASM,98,77,24,34,15,25,20,20,21,16,0,0,EFE,ASM,1,0,2021-2022
11,Regular Season,11-4,OLY,MAC,90,73,35,16,20,19,8,18,19,28,0,0,OLY,MAC,1,0,2021-2022
11,Regular Season,11-5,ZEN,MIL,74,70,19,16,25,14,19,20,21,10,0,0,ZEN,MIL,1,0,2021-2022
11,Regular Season,11-6,UNS,BER,85,71,13,27,19,26,26,22,12,11,0,0,UNS,BER,1,0,2021-2022
11,Regular Season,11-7,VIL,BAR,60,80,9,19,19,13,19,12,31,18,0,0,BAR,VIL,0,1,2021-2022
11,Regular Season,11-8,BAS,CSK,74,80,8,18,15,33,23,12,19,26,0,0,CSK,BAS,0,1,2021-2022
11,Regular Season,11-9,ZAL,FEN,86,75,16,22,26,22,18,11,30,16,0,0,ZAL,FEN,1,0,2021-2022
12,Regular Season,12-1,BER,MAC,91,86,21,24,20,26,17,18,23,28,0,0,BER,MAC,1,0,2021-2022
12,Regular Season,12-2,CSK,BAY,77,74,18,14,24,21,24,17,16,17,0,0,CSK,BAY,1,0,2021-2022
12,Regular Season,12-3,PAN,ZEN,70,64,15,18,20,17,23,15,10,16,0,0,PAN,ZEN,1,0,2021-2022
12,Regular Season,12-4,FEN,EFE,84,89,18,23,26,17,20,16,20,33,0,0,EFE,FEN,0,1,2021-2022
12,Regular Season,12-5,BAS,RMB,60,88,14,20,13,13,25,28,18,17,0,0,RMB,BAS,0,1,2021-2022
12,Regular Season,12-6,BAR,ZAL,96,73,24,28,23,21,17,21,20,15,0,0,BAR,ZAL,1,0,2021-2022
12,Regular Season,12-7,MIL,OLY,72,93,25,20,12,15,30,30,12,21,0,0,OLY,MIL,0,1,2021-2022
12,Regular Season,12-8,ASM,VIL,84,85,21,19,22,22,22,26,14,23,0,0,VIL,ASM,0,1,2021-2022
12,Regular Season,12-9,CRV,UNS,78,98,16,23,18,21,26,21,29,22,0,0,UNS,CRV,0,1,2021-2022
13,Regular Season,13-1,BAY,VIL,73,65,12,27,19,15,20,18,16,11,0,0,BAY,VIL,1,0,2021-2022
13,Regular Season,13-2,CSK,PAN,97,77,31,22,22,22,22,16,16,23,0,0,CSK,PAN,1,0,2021-2022
13,Regular Season,13-3,RMB,MAC,72,70,20,17,13,22,18,20,21,11,0,0,RMB,MAC,1,0,2021-2022
13,Regular Season,13-4,FEN,ASM,96,86,16,24,23,33,18,24,21,23,0,0,FEN,ASM,1,0,2021-2022
13,Regular Season,13-5,ZAL,BAS,72,68,21,19,11,21,19,13,14,22,0,0,ZAL,BAS,1,0,2021-2022
13,Regular Season,13-6,BER,MIL,81,76,19,24,24,14,15,18,23,20,0,0,BER,MIL,1,0,2021-2022
13,Regular Season,13-7,EFE,BAR,93,95,25,22,21,12,20,17,25,18,13,15,BAR,EFE,0,1,2021-2022
13,Regular Season,13-8,ZEN,CRV,58,69,16,12,12,18,23,19,16,11,0,0,CRV,ZEN,0,1,2021-2022
13,Regular Season,13-9,UNS,OLY,84,87,20,20,22,15,17,25,17,18,7,10,OLY,UNS,0,1,2021-2022
14,Regular Season,14-1,BAY,EFE,83,71,27,17,22,17,23,15,26,7,0,0,BAY,EFE,1,0,2021-2022
14,Regular Season,14-2,MAC,UNS,74,85,24,19,23,8,26,17,20,22,0,0,UNS,MAC,0,1,2021-2022
14,Regular Season,14-3,CRV,OLY,81,76,19,17,20,25,15,23,15,23,0,0,CRV,OLY,1,0,2021-2022
14,Regular Season,14-4,ZEN,FEN,80,86,18,23,21,18,16,24,21,25,0,0,FEN,ZEN,0,1,2021-2022
14,Regular Season,14-5,BAS,VIL,91,66,19,26,24,22,19,25,11,11,0,0,BAS,VIL,1,0,2021-2022
14,Regular Season,14-6,BAR,RMB,93,80,24,27,16,26,19,23,16,22,0,0,BAR,RMB,1,0,2021-2022
14,Regular Season,14-7,ASM,MIL,65,71,14,13,17,21,26,13,18,14,0,0,MIL,ASM,0,1,2021-2022
14,Regular Season,14-8,PAN,BER,82,67,30,13,14,25,25,18,9,15,0,0,PAN,BER,1,0,2021-2022
14,Regular Season,14-9,ZAL,CSK,51,73,18,10,11,12,19,11,27,16,0,0,CSK,ZAL,0,1,2021-2022
15,Regular Season,15-1,EFE,BAS,87,72,13,30,23,21,21,21,20,10,0,0,EFE,BAS,1,0,2021-2022
15,Regular Season,15-2,MIL,PAN,75,54,15,18,24,18,19,10,13,12,0,0,MIL,PAN,1,0,2021-2022
15,Regular Season,15-3,RMB,BER,87,64,19,24,17,27,16,10,20,18,0,0,RMB,BER,1,0,2021-2022
15,Regular Season,15-4,CRV,BAR,69,76,13,18,18,20,20,14,27,15,0,0,BAR,CRV,0,1,2021-2022
15,Regular Season,15-5,FEN,MAC,90,79,23,19,28,20,18,19,14,28,0,0,FEN,MAC,1,0,2021-2022
15,Regular Season,15-6,CSK,UNS,67,88,21,7,23,16,27,19,26,16,0,0,UNS,CSK,0,1,2021-2022
15,Regular Season,15-7,OLY,BAY,83,60,26,23,16,18,10,14,13,23,0,0,OLY,BAY,1,0,2021-2022
15,Regular Season,15-8,VIL,ZEN,61,71,18,14,17,12,21,12,21,17,0,0,ZEN,VIL,0,1,2021-2022
15,Regular Season,15-9,ZAL,ASM,98,107,21,22,27,25,22,26,13,34,3,12,ASM,ZAL,0,1,2021-2022
16,Regular Season,16-1,MAC,EFE,78,92,27,20,16,15,20,30,20,22,0,0,EFE,MAC,0,1,2021-2022
16,Regular Season,16-2,MIL,RMB,73,75,19,8,21,25,18,17,20,20,0,0,RMB,MIL,0,1,2021-2022
16,Regular Season,16-3,PAN,BAR,82,85,26,23,15,18,26,15,27,17,0,0,BAR,PAN,0,1,2021-2022
16,Regular Season,16-4,FEN,BAS,75,53,19,24,12,20,14,14,15,10,0,0,FEN,BAS,1,0,2021-2022
16,Regular Season,16-5,BER,CSK,90,93,21,27,25,17,23,25,21,24,0,0,CSK,BER,0,1,2021-2022
16,Regular Season,16-6,ASM,ZEN,74,85,14,29,14,17,31,14,11,29,0,0,ZEN,ASM,0,1,2021-2022
16,Regular Season,16-7,OLY,VIL,89,54,20,19,26,24,10,11,17,16,0,0,OLY,VIL,1,0,2021-2022
16,Regular Season,16-8,CRV,BAY,81,78,20,26,19,16,21,24,22,11,0,0,CRV,BAY,1,0,2021-2022
16,Regular Season,16-9,UNS,ZAL,66,53,13,13,16,24,12,11,19,11,0,0,UNS,ZAL,1,0,2021-2022
17,Regular Season,17-1,BER,ASM,92,84,23,17,29,23,21,9,26,28,0,0,BER,ASM,1,0,2021-2022
17,Regular Season,17-2,EFE,CRV,84,83,31,12,22,19,21,25,22,15,0,0,EFE,CRV,1,0,2021-2022
17,Regular Season,17-3,BAR,UNS,111,109,27,10,20,37,28,18,28,20,17,15,BAR,UNS,1,0,2021-2022
17,Regular Season,17-4,ZAL,MIL,70,74,18,17,16,19,17,18,18,21,0,0,MIL,ZAL,0,1,2021-2022
17,Regular Season,17-5,BAY,BAS,76,81,13,29,13,21,25,21,21,14,0,0,BAS,BAY,0,1,2021-2022
17,Regular Season,17-6,PAN,OLY,65,84,18,14,19,14,25,20,9,30,0,0,OLY,PAN,0,1,2021-2022
17,Regular Season,17-7,RMB,CSK,71,65,24,13,19,15,14,26,15,10,0,0,RMB,CSK,1,0,2021-2022
17,Regular Season,17-8,ZEN,MAC,73,71,25,16,15,17,10,16,21,24,0,0,ZEN,MAC,1,0,2021-2022
17,Regular Season,17-9,VIL,FEN,84,82,21,22,21,20,20,26,14,22,0,0,VIL,FEN,1,0,2021-2022
18,Regular Season,18-1,MIL,BER,84,76,22,16,22,24,24,16,19,17,0,0,MIL,BER,1,0,2021-2022
18,Regular Season,18-2,ASM,MAC,82,76,13,22,21,26,15,18,18,25,0,0,ASM,MAC,1,0,2021-2022
18,Regular Season,18-4,FEN,RMB,66,51,19,8,21,18,8,9,13,21,0,0,FEN,RMB,1,0,2021-2022
18,Regular Season,18-5,PAN,ZAL,83,96,10,24,27,22,29,23,24,20,0,0,ZAL,PAN,0,1,2021-2022
18,Regular Season,18-6,CRV,ZEN,76,80,21,21,15,12,29,15,6,19,7,11,ZEN,CRV,0,1,2021-2022
18,Regular Season,18-7,UNS,EFE,75,67,24,18,15,18,17,21,11,18,0,0,UNS,EFE,1,0,2021-2022
18,Regular Season,18-8,VIL,BAY,68,77,16,13,13,26,20,25,16,16,0,0,BAY,VIL,0,1,2021-2022
18,Regular Season,18-9,BAS,BAR,94,75,20,20,34,20,23,11,20,21,0,0,BAS,BAR,1,0,2021-2022
19,Regular Season,19-1,BER,PAN,87,78,28,16,25,18,13,27,15,23,0,0,BER,PAN,1,0,2021-2022
19,Regular Season,19-2,MAC,BAS,94,93,28,28,15,23,27,23,27,16,0,0,MAC,BAS,1,0,2021-2022
19,Regular Season,19-3,RMB,UNS,85,68,21,26,27,11,14,17,14,23,0,0,RMB,UNS,1,0,2021-2022
19,Regular Season,19-4,CRV,FEN,74,69,20,21,18,15,18,19,23,9,0,0,CRV,FEN,1,0,2021-2022
19,Regular Season,19-5,EFE,BAY,81,76,28,16,23,14,21,18,23,14,0,0,EFE,BAY,1,0,2021-2022
19,Regular Season,19-8,VIL,ASM,75,100,24,17,17,17,27,24,25,24,0,0,ASM,VIL,0,1,2021-2022
19,Regular Season,19-9,ZAL,OLY,73,84,20,19,20,14,15,24,19,26,0,0,OLY,ZAL,0,1,2021-2022
20,Regular Season,20-1,BAR,MIL,73,75,14,14,26,19,14,20,13,28,0,0,MIL,BAR,0,1,2021-2022
20,Regular Season,20-2,BAY,ZAL,74,65,16,18,27,13,15,18,21,11,0,0,BAY,ZAL,1,0,2021-2022
20,Regular Season,20-6,FEN,OLY,94,80,11,25,30,28,17,22,20,21,0,0,FEN,OLY,1,0,2021-2022
20,Regular Season,20-9,PAN,CSK,74,98,20,13,22,19,26,34,17,21,0,0,CSK,PAN,0,1,2021-2022
20,Regular Season,20-8,MAC,BER,87,78,23,24,20,20,23,16,19,20,0,0,MAC,BER,1,0,2021-2022
20,Regular Season,20-3,ASM,UNS,79,76,22,22,17,18,19,17,19,21,0,0,ASM,UNS,1,0,2021-2022
20,Regular Season,20-4,CRV,RMB,65,62,16,19,8,22,15,13,14,20,0,0,CRV,RMB,1,0,2021-2022
20,Regular Season,20-7,BAS,EFE,87,74,22,14,26,25,24,19,15,16,0,0,BAS,EFE,1,0,2021-2022
21,Regular Season,21-1,BAR,EFE,82,77,19,21,21,21,17,24,15,21,0,0,BAR,EFE,1,0,2021-2022
21,Regular Season,21-2,BAY,ASM,78,83,18,17,19,24,19,21,22,21,0,0,ASM,BAY,0,1,2021-2022
21,Regular Season,21-6,CSK,VIL,90,83,23,17,22,28,23,16,22,22,0,0,CSK,VIL,1,0,2021-2022
21,Regular Season,21-8,RMB,BAS,89,74,25,25,19,20,17,18,15,24,0,0,RMB,BAS,1,0,2021-2022
21,Regular Season,21-7,PAN,MAC,83,95,26,20,12,25,23,32,15,25,0,0,MAC,PAN,0,1,2021-2022
21,Regular Season,21-9,FEN,BER,57,66,19,8,11,19,16,21,11,18,0,0,BER,FEN,0,1,2021-2022
21,Regular Season,21-5,ZAL,CRV,103,98,23,22,15,28,14,18,35,21,15,10,ZAL,CRV,1,0,2021-2022
22,Regular Season,22-1,BER,RMB,74,89,15,21,20,18,19,29,25,16,0,0,RMB,BER,0,1,2021-2022
22,Regular Season,22-2,MAC,OLY,84,69,19,21,26,18,16,22,18,13,0,0,MAC,OLY,1,0,2021-2022
22,Regular Season,22-3,ZEN,ASM,77,86,17,15,18,27,18,18,21,29,0,0,ASM,ZEN,0,1,2021-2022
22,Regular Season,22-4,FEN,ZAL,73,67,7,17,20,29,13,17,21,16,0,0,FEN,ZAL,1,0,2021-2022
22,Regular Season,22-5,UNS,BAR,70,64,17,14,23,16,14,21,13,16,0,0,UNS,BAR,1,0,2021-2022
22,Regular Season,22-6,EFE,PAN,82,81,17,22,26,17,12,30,20,19,0,0,EFE,PAN,1,0,2021-2022
22,Regular Season,22-7,CSK,MIL,57,67,10,25,11,11,23,17,15,12,0,0,MIL,CSK,0,1,2021-2022
22,Regular Season,22-8,VIL,CRV,69,67,11,14,24,20,17,18,13,19,0,0,VIL,CRV,1,0,2021-2022
22,Regular Season,22-9,BAS,BAY,77,84,17,16,22,22,16,26,19,23,0,0,BAY,BAS,0,1,2021-2022
23,Regular Season,23-1,BAR,VIL,84,71,28,17,23,16,17,13,20,21,0,0,BAR,VIL,1,0,2021-2022
23,Regular Season,23-3,OLY,CRV,72,76,21,15,16,20,22,15,19,20,0,0,CRV,OLY,0,1,2021-2022
23,Regular Season,23-4,ZEN,EFE,76,67,17,20,15,24,18,18,6,25,0,0,ZEN,EFE,1,0,2021-2022
23,Regular Season,23-5,BAY,BER,62,56,16,10,15,21,16,8,20,12,0,0,BAY,BER,1,0,2021-2022
23,Regular Season,23-6,MIL,ZAL,65,58,20,19,15,11,20,10,15,13,0,0,MIL,ZAL,1,0,2021-2022
23,Regular Season,23-7,ASM,RMB,75,81,18,16,23,9,16,19,21,10,9,15,RMB,ASM,0,1,2021-2022
23,Regular Season,23-8,PAN,BAS,75,63,22,16,19,18,8,12,12,31,0,0,PAN,BAS,1,0,2021-2022
23,Regular Season,23-9,UNS,CSK,75,86,20,12,25,18,16,21,27,22,0,0,CSK,UNS,0,1,2021-2022
23,Regular Season,23-2,MAC,FEN,85,76,21,24,21,19,21,22,19,14,0,0,MAC,FEN,1,0,2021-2022
24,Regular Season,24-1,BAR,BAY,71,66,9,19,17,26,9,20,12,25,0,0,BAR,BAY,1,0,2021-2022
24,Regular Season,24-2,PAN,ASM,83,91,27,15,19,22,19,30,16,26,0,0,ASM,PAN,0,1,2021-2022
24,Regular Season,24-3,CRV,MIL,57,63,8,15,21,13,7,19,24,13,0,0,MIL,CRV,0,1,2021-2022
24,Regular Season,24-4,FEN,VIL,85,76,29,18,17,21,23,18,22,13,0,0,FEN,VIL,1,0,2021-2022
24,Regular Season,24-5,BAS,ZEN,82,90,24,26,14,18,22,22,18,28,0,0,ZEN,BAS,0,1,2021-2022
24,Regular Season,24-6,ZAL,MAC,78,94,19,28,13,18,21,26,17,30,0,0,MAC,ZAL,0,1,2021-2022
24,Regular Season,24-7,BER,UNS,81,53,16,20,20,25,11,15,9,18,0,0,BER,UNS,1,0,2021-2022
24,Regular Season,24-8,CSK,EFE,97,99,16,25,23,22,23,21,13,29,11,13,EFE,CSK,0,1,2021-2022
24,Regular Season,24-9,RMB,OLY,75,67,10,14,26,25,15,23,13,16,0,0,RMB,OLY,1,0,2021-2022
25,Regular Season,25-1,BAR,PAN,86,60,17,28,18,23,15,10,17,18,0,0,BAR,PAN,1,0,2021-2022
25,Regular Season,25-2,BAY,MAC,70,52,13,17,19,21,16,13,12,11,0,0,BAY,MAC,1,0,2021-2022
25,Regular Season,25-3,MIL,FEN,60,71,12,22,17,9,18,25,11,17,0,0,FEN,MIL,0,1,2021-2022
25,Regular Season,25-4,CRV,ASM,80,91,30,22,12,16,19,23,22,27,0,0,ASM,CRV,0,1,2021-2022
25,Regular Season,25-5,EFE,VIL,78,72,15,17,22,24,16,20,14,22,0,0,EFE,VIL,1,0,2021-2022
25,Regular Season,25-6,CSK,BER,91,72,22,28,19,22,15,22,19,16,0,0,CSK,BER,1,0,2021-2022
25,Regular Season,25-7,RMB,ZEN,85,64,23,22,24,16,23,13,15,13,0,0,RMB,ZEN,1,0,2021-2022
25,Regular Season,25-8,BAS,OLY,62,72,13,16,15,18,18,14,18,22,0,0,OLY,BAS,0,1,2021-2022
25,Regular Season,25-9,ZAL,UNS,67,76,26,13,15,13,24,21,18,13,0,0,UNS,ZAL,0,1,2021-2022
26,Regular Season,26-1,BER,ZEN,76,67,23,11,17,25,12,22,14,19,0,0,BER,ZEN,1,0,2021-2022
26,Regular Season,26-2,MAC,CSK,84,75,23,26,18,17,17,11,18,29,0,0,MAC,CSK,1,0,2021-2022
26,Regular Season,26-3,MIL,BAS,89,78,21,19,26,23,10,15,23,30,0,0,MIL,BAS,1,0,2021-2022
26,Regular Season,26-4,ASM,ZAL,82,83,23,23,18,18,18,18,25,22,0,0,ZAL,ASM,0,1,2021-2022
26,Regular Season,26-5,OLY,EFE,87,85,26,16,19,14,17,24,20,14,12,10,OLY,EFE,1,0,2021-2022
26,Regular Season,26-6,RMB,BAR,68,86,8,23,24,13,28,24,19,15,0,0,BAR,RMB,0,1,2021-2022
26,Regular Season,26-8,UNS,CRV,77,84,11,32,22,12,22,21,20,21,0,0,CRV,UNS,0,1,2021-2022
26,Regular Season,26-9,VIL,PAN,63,76,15,17,21,10,23,23,13,17,0,0,PAN,VIL,0,1,2021-2022
26,Regular Season,26-7,FEN,BAY,81,76,27,18,9,27,16,15,31,14,0,0,FEN,BAY,1,0,2021-2022
27,Regular Season,27-1,EFE,MAC,109,77,21,24,29,35,10,21,16,30,0,0,EFE,MAC,1,0,2021-2022
27,Regular Season,27-2,OLY,MIL,67,58,7,18,14,28,15,12,16,15,0,0,OLY,MIL,1,0,2021-2022
27,Regular Season,27-3,VIL,BER,80,82,21,19,15,25,21,22,17,22,0,0,BER,VIL,0,1,2021-2022
27,Regular Season,27-4,ZAL,RMB,68,47,18,20,11,19,11,18,8,10,0,0,ZAL,RMB,1,0,2021-2022
27,Regular Season,27-5,ASM,FEN,92,78,19,36,20,17,20,13,22,23,0,0,ASM,FEN,1,0,2021-2022
27,Regular Season,27-6,PAN,CRV,79,73,17,25,17,20,23,18,18,14,0,0,PAN,CRV,1,0,2021-2022
28,Regular Season,28-1,BER,ZAL,82,74,24,20,15,23,24,6,20,24,0,0,BER,ZAL,1,0,2021-2022
28,Regular Season,28-2,EFE,FEN,84,79,23,18,18,25,14,11,23,31,0,0,EFE,FEN,1,0,2021-2022
28,Regular Season,28-3,BAR,ASM,88,83,20,22,24,22,20,16,26,21,0,0,BAR,ASM,1,0,2021-2022
28,Regular Season,28-4,CRV,BAS,86,83,13,28,14,31,26,15,15,27,0,0,CRV,BAS,1,0,2021-2022
28,Regular Season,28-5,BAY,OLY,88,98,29,24,16,19,28,22,23,25,0,0,OLY,BAY,0,1,2021-2022
28,Regular Season,28-6,PAN,MIL,75,76,19,17,15,24,14,26,23,13,0,0,MIL,PAN,0,1,2021-2022
29,Regular Season,29-1,BER,OLY,90,75,16,21,20,33,17,13,21,24,0,0,BER,OLY,1,0,2021-2022
29,Regular Season,29-2,RMB,MIL,92,88,25,16,23,17,16,25,23,17,11,7,RMB,MIL,1,0,2021-2022
29,Regular Season,29-3,CRV,MAC,84,77,24,18,23,19,10,29,21,17,0,0,CRV,MAC,1,0,2021-2022
29,Regular Season,29-4,VIL,BAS,69,72,14,16,17,22,18,15,18,21,0,0,BAS,VIL,0,1,2021-2022
29,Regular Season,29-5,ASM,EFE,102,80,25,24,26,27,19,19,18,24,0,0,ASM,EFE,1,0,2021-2022
29,Regular Season,29-6,ZAL,BAR,91,84,9,26,21,35,17,18,28,21,0,0,ZAL,BAR,1,0,2021-2022
30,Regular Season,30-1,OLY,PAN,101,73,38,20,20,23,13,20,18,22,0,0,OLY,PAN,1,0,2021-2022
30,Regular Season,30-2,RMB,VIL,70,58,20,16,15,19,14,16,17,11,0,0,RMB,VIL,1,0,2021-2022
30,Regular Season,30-3,ZAL,EFE,71,85,19,11,10,31,23,18,24,20,0,0,EFE,ZAL,0,1,2021-2022
30,Regular Season,30-4,BAR,CRV,82,70,22,25,18,17,15,17,19,19,0,0,BAR,CRV,1,0,2021-2022
30,Regular Season,30-5,BAS,BER,85,68,21,23,20,21,19,12,29,8,0,0,BAS,BER,1,0,2021-2022
30,Regular Season,30-6,MIL,BAY,84,77,15,18,23,28,19,17,14,27,0,0,MIL,BAY,1,0,2021-2022
31,Regular Season,31-1,BER,BAR,79,95,13,26,19,21,21,26,26,22,0,0,BAR,BER,0,1,2021-2022
31,Regular Season,31-2,EFE,RMB,93,90,19,25,28,21,21,30,28,11,0,0,EFE,RMB,1,0,2021-2022
31,Regular Season,31-3,MAC,MIL,75,58,23,17,16,19,11,26,9,12,0,0,MAC,MIL,1,0,2021-2022
31,Regular Season,31-4,PAN,BAY,80,67,26,16,13,25,16,19,17,15,0,0,PAN,BAY,1,0,2021-2022
31,Regular Season,31-5,ASM,OLY,92,72,19,29,23,21,22,9,20,21,0,0,ASM,OLY,1,0,2021-2022
31,Regular Season,31-6,BAS,FEN,77,62,20,12,22,23,19,21,13,9,0,0,BAS,FEN,1,0,2021-2022
31,Regular Season,31-7,ZAL,VIL,68,72,17,15,15,21,15,18,16,23,0,0,VIL,ZAL,0,1,2021-2022
32,Regular Season,32-1,EFE,MIL,77,82,30,21,10,16,21,15,26,20,0,0,MIL,EFE,0,1,2021-2022
32,Regular Season,32-2,MAC,RMB,75,74,20,21,18,16,21,23,22,8,0,0,MAC,RMB,1,0,2021-2022
32,Regular Season,32-3,BER,CRV,74,70,24,13,21,16,15,20,22,13,0,0,BER,CRV,1,0,2021-2022
32,Regular Season,32-4,BAR,FEN,88,67,25,17,28,18,21,13,15,18,0,0,BAR,FEN,1,0,2021-2022
32,Regular Season,32-5,ASM,BAS,78,68,18,24,19,17,19,13,17,19,0,0,ASM,BAS,1,0,2021-2022
32,Regular Season,32-6,VIL,OLY,80,94,26,17,21,16,26,21,22,25,0,0,OLY,VIL,0,1,2021-2022
33,Regular Season,33-1,MAC,VIL,94,73,21,21,28,24,18,19,21,15,0,0,MAC,VIL,1,0,2021-2022
33,Regular Season,33-2,MIL,ASM,63,72,17,20,6,20,16,15,20,21,0,0,ASM,MIL,0,1,2021-2022
33,Regular Season,33-3,PAN,RMB,87,86,22,19,18,28,11,21,22,32,0,0,PAN,RMB,1,0,2021-2022
33,Regular Season,33-4,EFE,BER,87,77,16,20,26,25,24,15,18,20,0,0,EFE,BER,1,0,2021-2022
33,Regular Season,33-5,BAY,CRV,82,57,15,27,21,19,18,15,10,14,0,0,BAY,CRV,1,0,2021-2022
33,Regular Season,33-6,OLY,BAR,73,66,13,20,18,22,19,21,8,18,0,0,OLY,BAR,1,0,2021-2022
33,Regular Season,33-7,BAS,ZAL,96,79,35,22,20,19,15,25,10,29,0,0,BAS,ZAL,1,0,2021-2022
34,Regular Season,34-1,BAR,MAC,80,104,23,23,22,12,27,30,19,28,0,0,MAC,BAR,0,1,2021-2022
34,Regular Season,34-2,VIL,MIL,80,81,23,18,15,24,20,20,23,18,0,0,MIL,VIL,0,1,2021-2022
34,Regular Season,34-3,ASM,BER,91,74,26,23,19,23,22,15,17,20,0,0,ASM,BER,1,0,2021-2022
34,Regular Season,34-4,RMB,BAY,88,97,24,28,23,13,17,17,25,38,0,0,BAY,RMB,0,1,2021-2022
34,Regular Season,34-5,CRV,EFE,93,85,21,19,25,28,29,11,22,23,0,0,CRV,EFE,1,0,2021-2022
34,Regular Season,34-6,FEN,PAN,59,62,20,12,17,10,22,16,6,18,0,0,PAN,FEN,0,1,2021-2022
35,Play offs,35-1,MIL,EFE,48,64,16,10,8,14,11,18,17,18,0,0,EFE,MIL,0,1,2021-2022
35,Play offs,35-2,BAR,BAY,77,67,20,23,19,15,22,11,18,16,0,0,BAR,BAY,1,0,2021-2022
35,Play offs,35-3,OLY,ASM,72,96,16,12,23,21,10,30,29,27,0,0,ASM,OLY,0,1,2021-2022
35,Play offs,35-4,RMB,MAC,95,66,35,21,18,21,26,11,11,18,0,0,RMB,MAC,1,0,2021-2022
36,Play offs,36-1,MIL,EFE,73,66,19,14,20,20,17,16,19,14,0,0,MIL,EFE,1,0,2021-2022
36,Play offs,36-2,BAR,BAY,75,90,18,17,21,19,23,25,19,23,0,0,BAY,BAR,0,1,2021-2022
36,Play offs,36-3,OLY,ASM,72,96,16,12,23,21,10,30,29,27,0,0,ASM,OLY,0,1,2021-2022
36,Play offs,36-4,RMB,MAC,95,66,35,21,18,21,26,11,11,18,0,0,RMB,MAC,1,0,2021-2022
37,Play offs,37-1,EFE,MIL,77,65,25,17,17,18,17,18,21,9,0,0,EFE,MIL,1,0,2021-2022
37,Play offs,37-2,BAY,BAR,66,75,17,14,18,17,26,23,10,16,0,0,BAR,BAY,0,1,2021-2022
37,Play offs,37-3,ASM,OLY,83,87,23,18,17,25,19,26,26,16,0,0,OLY,ASM,0,1,2021-2022
37,Play offs,37-4,MAC,RMB,76,87,22,19,20,15,25,26,22,14,0,0,RMB,MAC,0,1,2021-2022
38,Play offs,38-1,EFE,MIL,75,70,19,23,20,13,11,32,15,12,0,0,EFE,MIL,1,0,2021-2022
38,Play offs,38-2,BAY,BAR,66,75,17,14,18,17,26,23,10,16,0,0,BAR,BAY,0,1,2021-2022
38,Play offs,38-3,ASM,OLY,83,87,23,18,17,25,19,26,26,16,0,0,OLY,ASM,0,1,2021-2022
39,Play offs,39-2,BAR,BAY,81,72,18,13,29,21,19,18,15,20,0,0,BAR,BAY,1,0,2021-2022
39,Play offs,39-3,OLY,ASM,94,88,11,30,25,28,13,35,22,18,0,0,OLY,ASM,1,0,2021-2022
40,Final Four,40-1,OLY,EFE,74,77,21,22,20,11,18,24,24,11,0,0,EFE,OLY,0,1,2021-2022
40,Final Four,40-2,BAR,RMB,83,86,19,26,11,27,19,15,26,26,0,0,RMB,BAR,0,1,2021-2022
41,Final Four,41-1,BAR,OLY,84,74,20,25,17,22,18,20,18,18,0,0,BAR,OLY,1,0,2021-2022
42,Final Four,42-1,RMB,EFE,57,58,15,19,8,15,14,15,11,18,0,0,EFE,RMB,0,1,2021-2022
