Fixture,Phase,IDGAME,Home,Away,Home_Points,Away_Points,Q1H,Q2H,Q3H,Q4H,Q1A,Q2A,Q3A,Q4A,EXH,EXA,Winner,Loser,Home_win,Away_win,Season
1,Regular Season,1-1,KHI,MAC,89,83,24,24,27,14,21,19,21,22,0,0,KHI,MAC,1,0,2019-2020
1,Regular Season,1-2,PAN,CRV,87,82,14,23,29,21,17,18,18,29,0,0,PAN,CRV,1,0,2019-2020
1,Regular Season,1-3,BAY,MIL,78,64,22,20,19,17,23,11,16,14,0,0,BAY,MIL,1,0,2019-2020
1,Regular Season,1-4,RMB,FEN,81,77,30,13,21,17,21,21,13,22,0,0,RMB,FEN,1,0,2019-2020
1,Regular Season,1-5,ZAL,BAS,58,70,19,11,16,12,19,18,18,15,0,0,BAS,ZAL,0,1,2019-2020
1,Regular Season,1-6,EFE,BAR,64,74,14,12,20,18,19,18,12,25,0,0,BAR,EFE,0,1,2019-2020
1,Regular Season,1-7,BER,ZEN,85,65,24,23,20,18,18,13,19,15,0,0,BER,ZEN,1,0,2019-2020
1,Regular Season,1-8,VIL,OLY,82,63,21,19,16,26,24,9,14,16,0,0,VIL,OLY,1,0,2019-2020
1,Regular Season,1-9,VAL,CSK,71,96,17,21,16,17,24,26,26,20,0,0,CSK,VAL,0,1,2019-2020
2,Regular Season,2-1,CSK,BAY,79,68,22,25,13,19,18,22,10,18,0,0,CSK,BAY,1,0,2019-2020
2,Regular Season,2-2,CRV,FEN,68,56,15,20,16,17,16,14,13,13,0,0,CRV,FEN,1,0,2019-2020
2,Regular Season,2-3,VIL,PAN,79,78,22,18,10,29,22,24,17,15,0,0,VIL,PAN,1,0,2019-2020
2,Regular Season,2-4,RMB,MAC,86,85,22,28,15,21,22,22,21,20,0,0,RMB,MAC,1,0,2019-2020
2,Regular Season,2-5,ZEN,BAR,63,87,20,20,16,7,19,24,16,28,0,0,BAR,ZEN,0,1,2019-2020
2,Regular Season,2-6,KHI,BAS,79,76,27,16,19,17,17,22,16,21,0,0,KHI,BAS,1,0,2019-2020
2,Regular Season,2-7,EFE,BER,106,105,27,16,26,26,25,15,32,23,11,10,EFE,BER,1,0,2019-2020
2,Regular Season,2-8,OLY,VAL,89,63,31,23,18,17,22,8,14,19,0,0,OLY,VAL,1,0,2019-2020
2,Regular Season,2-9,MIL,ZAL,85,81,23,20,21,21,7,29,23,22,0,0,MIL,ZAL,1,0,2019-2020
3,Regular Season,3-1,CSK,KHI,99,86,29,25,22,23,20,24,16,26,0,0,CSK,KHI,1,0,2019-2020
3,Regular Season,3-2,ZAL,RMB,86,73,18,20,19,29,15,19,26,13,0,0,ZAL,RMB,1,0,2019-2020
3,Regular Season,3-3,FEN,BAS,87,80,22,17,24,24,22,14,22,22,0,0,FEN,BAS,1,0,2019-2020
3,Regular Season,3-4,MAC,CRV,84,69,24,15,16,12,13,17,17,20,17,2,MAC,CRV,1,0,2019-2020
3,Regular Season,3-5,BAY,VIL,104,63,30,27,26,21,13,22,16,12,0,0,BAY,VIL,1,0,2019-2020
3,Regular Season,3-6,PAN,MIL,78,79,20,18,19,21,24,14,23,18,0,0,MIL,PAN,0,1,2019-2020
3,Regular Season,3-7,OLY,ZEN,68,77,19,17,11,17,20,18,15,11,4,13,ZEN,OLY,0,1,2019-2020
3,Regular Season,3-8,BAR,BER,103,84,19,27,26,31,25,19,17,23,0,0,BAR,BER,1,0,2019-2020
3,Regular Season,3-9,VAL,EFE,78,83,27,19,17,15,23,16,30,14,0,0,EFE,VAL,0,1,2019-2020
4,Regular Season,4-1,ZEN,PAN,79,89,20,18,22,19,22,18,25,24,0,0,PAN,ZEN,0,1,2019-2020
4,Regular Season,4-2,EFE,RMB,76,60,15,14,27,20,11,20,19,10,0,0,EFE,RMB,1,0,2019-2020
4,Regular Season,4-3,MAC,VAL,76,63,18,15,23,20,11,17,16,19,0,0,MAC,VAL,1,0,2019-2020
4,Regular Season,4-4,BAY,KHI,74,87,19,18,18,19,17,27,26,17,0,0,KHI,BAY,0,1,2019-2020
4,Regular Season,4-5,CRV,BAR,65,73,16,20,13,16,12,21,24,16,0,0,BAR,CRV,0,1,2019-2020
4,Regular Season,4-6,ZAL,VIL,70,56,14,19,22,15,20,8,17,11,0,0,ZAL,VIL,1,0,2019-2020
4,Regular Season,4-7,BER,CSK,66,82,15,19,8,24,17,22,22,21,0,0,CSK,BER,0,1,2019-2020
4,Regular Season,4-8,MIL,FEN,87,74,20,21,25,21,11,18,26,19,0,0,MIL,FEN,1,0,2019-2020
4,Regular Season,4-9,BAS,OLY,82,66,23,18,17,24,21,15,13,17,0,0,BAS,OLY,1,0,2019-2020
5,Regular Season,5-1,KHI,PAN,103,86,25,25,27,26,29,26,18,13,0,0,KHI,PAN,1,0,2019-2020
5,Regular Season,5-2,EFE,CRV,85,70,21,17,18,29,9,17,25,19,0,0,EFE,CRV,1,0,2019-2020
5,Regular Season,5-3,BER,MIL,78,81,18,15,17,28,17,9,27,28,0,0,MIL,BER,0,1,2019-2020
5,Regular Season,5-4,VIL,BAS,66,63,16,14,18,18,23,13,13,14,0,0,VIL,BAS,1,0,2019-2020
5,Regular Season,5-5,CSK,OLY,79,84,24,15,21,19,18,25,21,20,0,0,OLY,CSK,0,1,2019-2020
5,Regular Season,5-6,ZAL,ZEN,70,82,18,10,15,19,14,14,16,18,8,20,ZEN,ZAL,0,1,2019-2020
5,Regular Season,5-7,MAC,FEN,67,55,12,29,11,15,6,15,20,14,0,0,MAC,FEN,1,0,2019-2020
5,Regular Season,5-8,BAY,RMB,95,86,22,19,26,28,20,18,19,29,0,0,BAY,RMB,1,0,2019-2020
5,Regular Season,5-9,BAR,VAL,83,77,21,23,18,21,19,22,24,12,0,0,BAR,VAL,1,0,2019-2020
6,Regular Season,6-1,CRV,KHI,90,78,28,22,30,10,22,19,15,22,0,0,CRV,KHI,1,0,2019-2020
6,Regular Season,6-2,PAN,EFE,86,70,24,18,21,23,19,19,16,16,0,0,PAN,EFE,1,0,2019-2020
6,Regular Season,6-3,ZEN,CSK,70,87,15,22,22,11,26,22,13,26,0,0,CSK,ZEN,0,1,2019-2020
6,Regular Season,6-4,FEN,ZAL,76,79,17,23,19,17,17,16,19,27,0,0,ZAL,FEN,0,1,2019-2020
6,Regular Season,6-5,VAL,VIL,81,72,16,19,21,25,18,18,16,20,0,0,VAL,VIL,1,0,2019-2020
6,Regular Season,6-6,MIL,BAR,83,70,15,15,22,31,20,17,21,12,0,0,MIL,BAR,1,0,2019-2020
6,Regular Season,6-7,OLY,MAC,65,90,21,19,16,9,24,21,23,22,0,0,MAC,OLY,0,1,2019-2020
6,Regular Season,6-8,BAS,BAY,93,60,29,23,14,27,10,19,18,13,0,0,BAS,BAY,1,0,2019-2020
6,Regular Season,6-9,RMB,BER,85,71,28,14,22,21,14,24,18,15,0,0,RMB,BER,1,0,2019-2020
7,Regular Season,7-1,ZEN,KHI,73,87,28,15,17,13,28,24,16,19,0,0,KHI,ZEN,0,1,2019-2020
7,Regular Season,7-2,CRV,RMB,60,75,9,18,25,8,12,21,16,26,0,0,RMB,CRV,0,1,2019-2020
7,Regular Season,7-3,OLY,EFE,67,86,24,11,23,9,21,32,14,19,0,0,EFE,OLY,0,1,2019-2020
7,Regular Season,7-4,MAC,BER,104,78,21,31,31,21,19,18,18,23,0,0,MAC,BER,1,0,2019-2020
7,Regular Season,7-5,MIL,BAS,81,74,14,26,16,25,19,15,19,21,0,0,MIL,BAS,1,0,2019-2020
7,Regular Season,7-6,FEN,BAY,90,82,18,22,21,29,15,24,23,20,0,0,FEN,BAY,1,0,2019-2020
7,Regular Season,7-7,ZAL,BAR,86,93,20,20,21,25,23,24,19,27,0,0,BAR,ZAL,0,1,2019-2020
7,Regular Season,7-8,PAN,VAL,91,80,26,19,23,23,18,17,29,16,0,0,PAN,VAL,1,0,2019-2020
7,Regular Season,7-9,VIL,CSK,67,66,12,21,17,17,17,13,22,14,0,0,VIL,CSK,1,0,2019-2020
8,Regular Season,8-1,KHI,MIL,87,79,22,25,18,22,25,26,14,14,0,0,KHI,MIL,1,0,2019-2020
8,Regular Season,8-2,EFE,ZEN,90,88,21,21,27,21,14,16,20,38,0,0,EFE,ZEN,1,0,2019-2020
8,Regular Season,8-3,PAN,BER,95,96,31,18,20,19,31,27,16,14,7,8,BER,PAN,0,1,2019-2020
8,Regular Season,8-4,BAS,MAC,83,113,21,11,26,25,28,27,31,27,0,0,MAC,BAS,0,1,2019-2020
8,Regular Season,8-5,RMB,BAR,86,76,32,16,23,15,14,36,14,12,0,0,RMB,BAR,1,0,2019-2020
8,Regular Season,8-6,CSK,FEN,88,70,21,18,25,24,17,17,15,21,0,0,CSK,FEN,1,0,2019-2020
8,Regular Season,8-7,CRV,VIL,72,74,16,20,18,11,14,18,15,18,7,9,VIL,CRV,0,1,2019-2020
8,Regular Season,8-8,OLY,ZAL,83,74,19,18,23,23,18,21,16,19,0,0,OLY,ZAL,1,0,2019-2020
8,Regular Season,8-9,VAL,BAY,82,56,20,19,20,23,16,13,18,9,0,0,VAL,BAY,1,0,2019-2020
9,Regular Season,9-1,ZAL,PAN,85,86,16,17,20,32,19,22,23,22,0,0,PAN,ZAL,0,1,2019-2020
9,Regular Season,9-2,BER,CRV,93,80,21,25,21,26,15,19,20,26,0,0,BER,CRV,1,0,2019-2020
9,Regular Season,9-3,BAY,OLY,85,82,23,20,12,30,17,27,19,19,0,0,BAY,OLY,1,0,2019-2020
9,Regular Season,9-4,VIL,EFE,84,90,22,23,21,18,25,21,24,20,0,0,EFE,VIL,0,1,2019-2020
9,Regular Season,9-5,MIL,MAC,92,88,21,26,24,21,21,21,22,24,0,0,MIL,MAC,1,0,2019-2020
9,Regular Season,9-6,RMB,KHI,104,76,31,34,27,12,25,17,14,20,0,0,RMB,KHI,1,0,2019-2020
9,Regular Season,9-7,VAL,ZEN,94,90,15,18,24,37,16,22,25,27,0,0,VAL,ZEN,1,0,2019-2020
9,Regular Season,9-8,BAR,FEN,89,63,25,19,23,22,15,15,10,23,0,0,BAR,FEN,1,0,2019-2020
9,Regular Season,9-9,BAS,CSK,80,70,24,21,17,18,19,23,17,11,0,0,BAS,CSK,1,0,2019-2020
10,Regular Season,10-1,ZAL,CRV,59,61,21,10,15,13,16,17,14,14,0,0,CRV,ZAL,0,1,2019-2020
10,Regular Season,10-2,BER,OLY,80,99,17,21,19,23,30,25,21,23,0,0,OLY,BER,0,1,2019-2020
10,Regular Season,10-3,MIL,EFE,76,81,17,22,21,16,16,25,21,19,0,0,EFE,MIL,0,1,2019-2020
10,Regular Season,10-4,VAL,KHI,89,84,26,25,21,17,33,15,22,14,0,0,VAL,KHI,1,0,2019-2020
10,Regular Season,10-5,BAY,PAN,75,87,24,11,18,22,16,20,29,22,0,0,PAN,BAY,0,1,2019-2020
10,Regular Season,10-6,VIL,FEN,72,88,16,20,16,20,19,29,19,21,0,0,FEN,VIL,0,1,2019-2020
10,Regular Season,10-7,BAR,MAC,96,73,21,22,31,22,18,28,20,7,0,0,BAR,MAC,1,0,2019-2020
10,Regular Season,10-8,BAS,ZEN,70,60,15,19,18,18,18,10,16,16,0,0,BAS,ZEN,1,0,2019-2020
10,Regular Season,10-9,RMB,CSK,97,81,23,29,23,22,19,29,16,17,0,0,RMB,CSK,1,0,2019-2020
11,Regular Season,11-1,FEN,KHI,89,76,28,16,21,24,24,25,6,21,0,0,FEN,KHI,1,0,2019-2020
11,Regular Season,11-2,CRV,VAL,76,73,17,20,23,16,19,22,10,22,0,0,CRV,VAL,1,0,2019-2020
11,Regular Season,11-3,BER,ZAL,69,62,15,17,15,22,7,19,20,16,0,0,BER,ZAL,1,0,2019-2020
11,Regular Season,11-4,PAN,BAS,100,68,20,26,26,28,17,19,15,17,0,0,PAN,BAS,1,0,2019-2020
11,Regular Season,11-5,MAC,VIL,93,62,20,23,24,26,17,17,13,15,0,0,MAC,VIL,1,0,2019-2020
11,Regular Season,11-6,ZEN,RMB,71,86,19,18,19,15,22,22,22,20,0,0,RMB,ZEN,0,1,2019-2020
11,Regular Season,11-7,EFE,BAY,104,75,30,27,19,28,22,18,18,17,0,0,EFE,BAY,1,0,2019-2020
11,Regular Season,11-8,OLY,MIL,91,70,15,25,31,20,19,18,16,17,0,0,OLY,MIL,1,0,2019-2020
11,Regular Season,11-9,BAR,CSK,67,96,20,18,12,17,18,33,25,20,0,0,CSK,BAR,0,1,2019-2020
12,Regular Season,12-1,CSK,ZAL,85,82,9,23,19,18,17,14,19,19,16,13,CSK,ZAL,1,0,2019-2020
12,Regular Season,12-2,MAC,BAY,77,56,22,19,12,24,18,9,21,8,0,0,MAC,BAY,1,0,2019-2020
12,Regular Season,12-3,MIL,CRV,67,77,18,22,10,17,20,19,18,20,0,0,CRV,MIL,0,1,2019-2020
12,Regular Season,12-4,RMB,VAL,111,99,30,23,27,31,29,20,21,29,0,0,RMB,VAL,1,0,2019-2020
12,Regular Season,12-5,ZEN,VIL,75,70,17,13,23,22,15,21,13,21,0,0,ZEN,VIL,1,0,2019-2020
12,Regular Season,12-6,KHI,BAR,94,102,22,26,22,24,31,30,23,18,0,0,BAR,KHI,0,1,2019-2020
12,Regular Season,12-7,FEN,BER,107,102,30,11,24,23,16,24,22,26,19,14,FEN,BER,1,0,2019-2020
12,Regular Season,12-8,PAN,OLY,99,93,18,28,17,23,17,22,22,25,13,7,PAN,OLY,1,0,2019-2020
12,Regular Season,12-9,BAS,EFE,77,102,16,19,18,24,26,29,21,26,0,0,EFE,BAS,0,1,2019-2020
13,Regular Season,13-1,KHI,BER,104,87,23,31,23,27,32,19,12,24,0,0,KHI,BER,1,0,2019-2020
13,Regular Season,13-2,FEN,EFE,73,81,22,16,11,24,20,18,21,22,0,0,EFE,FEN,0,1,2019-2020
13,Regular Season,13-3,CRV,BAS,64,72,14,17,12,21,20,12,24,16,0,0,BAS,CRV,0,1,2019-2020
13,Regular Season,13-4,MAC,CSK,90,80,20,25,21,24,29,23,12,16,0,0,MAC,CSK,1,0,2019-2020
13,Regular Season,13-5,RMB,OLY,93,77,21,20,31,21,10,20,18,29,0,0,RMB,OLY,1,0,2019-2020
13,Regular Season,13-6,ZAL,VAL,82,86,21,27,9,25,19,28,17,22,0,0,VAL,ZAL,0,1,2019-2020
13,Regular Season,13-7,BAY,ZEN,77,69,14,23,24,16,15,20,15,19,0,0,BAY,ZEN,1,0,2019-2020
13,Regular Season,13-8,VIL,MIL,89,82,20,18,32,19,24,21,16,21,0,0,VIL,MIL,1,0,2019-2020
13,Regular Season,13-9,BAR,PAN,98,86,28,27,16,27,23,24,18,21,0,0,BAR,PAN,1,0,2019-2020
14,Regular Season,14-1,ZEN,MAC,71,82,21,9,12,29,21,10,28,23,0,0,MAC,ZEN,0,1,2019-2020
14,Regular Season,14-2,ZAL,EFE,68,74,17,26,10,15,26,16,13,19,0,0,EFE,ZAL,0,1,2019-2020
14,Regular Season,14-3,PAN,FEN,81,78,22,20,23,16,21,25,11,21,0,0,PAN,FEN,1,0,2019-2020
14,Regular Season,14-4,RMB,MIL,76,67,18,12,24,22,21,18,13,15,0,0,RMB,MIL,1,0,2019-2020
14,Regular Season,14-5,BAR,VIL,80,67,22,26,15,17,19,19,18,11,0,0,BAR,VIL,1,0,2019-2020
14,Regular Season,14-6,VAL,BAS,105,77,19,27,23,36,19,17,22,19,0,0,VAL,BAS,1,0,2019-2020
14,Regular Season,14-7,CSK,CRV,100,74,26,26,24,24,21,23,18,12,0,0,CSK,CRV,1,0,2019-2020
14,Regular Season,14-8,BER,BAY,76,77,10,18,20,24,19,11,20,22,4,5,BAY,BER,0,1,2019-2020
14,Regular Season,14-9,OLY,KHI,109,98,25,24,21,26,20,22,25,29,13,2,OLY,KHI,1,0,2019-2020
15,Regular Season,15-1,FEN,ZEN,81,84,22,21,16,22,18,20,22,24,0,0,ZEN,FEN,0,1,2019-2020
15,Regular Season,15-2,MAC,PAN,88,79,13,30,22,23,29,17,23,10,0,0,MAC,PAN,1,0,2019-2020
15,Regular Season,15-3,MIL,VAL,78,71,26,17,19,16,24,19,10,18,0,0,MIL,VAL,1,0,2019-2020
15,Regular Season,15-4,BAS,RMB,55,77,13,16,15,11,15,30,12,20,0,0,RMB,BAS,0,1,2019-2020
15,Regular Season,15-5,KHI,ZAL,83,74,21,17,19,26,16,17,16,25,0,0,KHI,ZAL,1,0,2019-2020
15,Regular Season,15-6,EFE,CSK,80,81,22,25,19,14,23,20,16,22,0,0,CSK,EFE,0,1,2019-2020
15,Regular Season,15-7,CRV,OLY,88,81,16,24,21,27,21,29,11,20,0,0,CRV,OLY,1,0,2019-2020
15,Regular Season,15-8,BAY,BAR,67,77,16,9,20,22,20,19,17,21,0,0,BAR,BAY,0,1,2019-2020
15,Regular Season,15-9,VIL,BER,93,81,18,18,31,26,18,20,14,29,0,0,VIL,BER,1,0,2019-2020
16,Regular Season,16-1,CSK,MIL,78,75,19,13,27,19,13,26,22,14,0,0,CSK,MIL,1,0,2019-2020
16,Regular Season,16-2,EFE,MAC,99,79,23,25,32,19,19,22,17,21,0,0,EFE,MAC,1,0,2019-2020
16,Regular Season,16-3,BER,BAS,81,57,23,18,16,24,15,11,11,20,0,0,BER,BAS,1,0,2019-2020
16,Regular Season,16-4,PAN,RMB,75,87,18,16,24,17,22,22,22,21,0,0,RMB,PAN,0,1,2019-2020
16,Regular Season,16-5,VIL,KHI,92,88,24,26,24,18,24,21,12,31,0,0,VIL,KHI,1,0,2019-2020
16,Regular Season,16-6,ZEN,CRV,58,65,16,24,7,11,20,17,14,14,0,0,CRV,ZEN,0,1,2019-2020
16,Regular Season,16-7,FEN,VAL,98,100,24,24,22,14,22,18,19,25,14,16,VAL,FEN,0,1,2019-2020
16,Regular Season,16-8,BAY,ZAL,73,98,13,22,15,23,21,22,25,30,0,0,ZAL,BAY,0,1,2019-2020
16,Regular Season,16-9,BAR,OLY,90,80,20,20,29,21,12,27,19,22,0,0,BAR,OLY,1,0,2019-2020
17,Regular Season,17-1,CRV,BAY,93,63,25,28,18,22,13,18,15,17,0,0,CRV,BAY,1,0,2019-2020
17,Regular Season,17-2,ZAL,MAC,73,68,17,12,24,20,21,13,19,15,0,0,ZAL,MAC,1,0,2019-2020
17,Regular Season,17-3,OLY,FEN,87,96,20,20,21,26,22,30,22,22,0,0,FEN,OLY,0,1,2019-2020
17,Regular Season,17-4,BAS,BAR,76,74,21,26,18,11,15,16,23,20,0,0,BAS,BAR,1,0,2019-2020
17,Regular Season,17-5,CSK,PAN,102,106,22,23,24,20,17,32,20,20,13,17,PAN,CSK,0,1,2019-2020
17,Regular Season,17-6,EFE,KHI,101,82,21,26,30,24,19,24,18,21,0,0,EFE,KHI,1,0,2019-2020
17,Regular Season,17-7,VIL,RMB,77,87,21,16,22,18,23,29,20,15,0,0,RMB,VIL,0,1,2019-2020
17,Regular Season,17-8,MIL,ZEN,73,72,19,22,14,18,17,24,15,16,0,0,MIL,ZEN,1,0,2019-2020
17,Regular Season,17-9,VAL,BER,91,77,18,19,25,29,27,15,15,20,0,0,VAL,BER,1,0,2019-2020
18,Regular Season,18-1,BER,MAC,89,95,28,17,19,25,31,19,22,23,0,0,MAC,BER,0,1,2019-2020
18,Regular Season,18-2,MIL,PAN,96,87,19,25,29,23,18,16,23,30,0,0,MIL,PAN,1,0,2019-2020
18,Regular Season,18-3,BAS,FEN,65,79,11,17,17,20,20,22,20,17,0,0,FEN,BAS,0,1,2019-2020
18,Regular Season,18-4,RMB,ZAL,88,82,20,27,21,20,18,23,18,23,0,0,RMB,ZAL,1,0,2019-2020
18,Regular Season,18-5,KHI,ZEN,81,83,15,22,11,33,16,20,25,22,0,0,ZEN,KHI,0,1,2019-2020
18,Regular Season,18-6,BAY,CSK,77,84,10,15,27,25,18,23,18,25,0,0,CSK,BAY,0,1,2019-2020
18,Regular Season,18-7,VIL,CRV,80,83,30,19,16,15,13,17,34,19,0,0,CRV,VIL,0,1,2019-2020
18,Regular Season,18-8,BAR,EFE,82,86,19,23,16,24,24,21,21,20,0,0,EFE,BAR,0,1,2019-2020
18,Regular Season,18-9,VAL,OLY,91,93,16,20,27,28,16,23,31,23,0,0,OLY,VAL,0,1,2019-2020
19,Regular Season,19-1,CSK,RMB,60,55,14,12,17,17,21,12,10,12,0,0,CSK,RMB,1,0,2019-2020
19,Regular Season,19-2,KHI,VAL,75,84,23,24,15,13,29,15,19,21,0,0,VAL,KHI,0,1,2019-2020
19,Regular Season,19-3,EFE,MIL,88,68,16,26,23,23,15,18,16,19,0,0,EFE,MIL,1,0,2019-2020
19,Regular Season,19-4,FEN,VIL,86,64,23,26,13,24,15,13,15,21,0,0,FEN,VIL,1,0,2019-2020
19,Regular Season,19-5,OLY,BER,86,93,22,20,29,15,19,31,18,25,0,0,BER,OLY,0,1,2019-2020
19,Regular Season,19-6,MAC,BAR,92,85,20,28,17,27,27,14,16,28,0,0,MAC,BAR,1,0,2019-2020
19,Regular Season,19-7,ZEN,BAS,72,66,23,16,14,19,16,15,18,17,0,0,ZEN,BAS,1,0,2019-2020
19,Regular Season,19-8,CRV,ZAL,70,76,20,18,15,17,22,16,19,19,0,0,ZAL,CRV,0,1,2019-2020
19,Regular Season,19-9,PAN,BAY,98,83,28,25,23,22,18,35,22,8,0,0,PAN,BAY,1,0,2019-2020
20,Regular Season,20-1,KHI,RMB,102,94,25,30,25,22,21,23,25,25,0,0,KHI,RMB,1,0,2019-2020
20,Regular Season,20-2,FEN,BAR,74,80,12,27,17,18,24,18,19,19,0,0,BAR,FEN,0,1,2019-2020
20,Regular Season,20-3,MAC,MIL,69,63,15,16,21,17,21,11,16,15,0,0,MAC,MIL,1,0,2019-2020
20,Regular Season,20-4,CSK,BAS,94,90,27,25,23,19,25,21,12,32,0,0,CSK,BAS,1,0,2019-2020
20,Regular Season,20-5,ZEN,VAL,81,86,16,26,9,30,20,26,17,23,0,0,VAL,ZEN,0,1,2019-2020
20,Regular Season,20-6,EFE,VIL,101,74,35,25,21,20,22,23,18,11,0,0,EFE,VIL,1,0,2019-2020
20,Regular Season,20-7,CRV,BER,85,94,22,21,19,17,21,18,23,17,6,15,BER,CRV,0,1,2019-2020
20,Regular Season,20-8,OLY,BAY,89,72,17,20,17,35,14,18,21,19,0,0,OLY,BAY,1,0,2019-2020
20,Regular Season,20-9,PAN,ZAL,96,94,18,28,25,25,27,22,17,28,0,0,PAN,ZAL,1,0,2019-2020
21,Regular Season,21-1,CSK,VAL,81,70,20,22,18,21,17,22,17,14,0,0,CSK,VAL,1,0,2019-2020
21,Regular Season,21-2,ZEN,OLY,91,87,24,21,21,25,27,16,15,29,0,0,ZEN,OLY,1,0,2019-2020
21,Regular Season,21-3,BAY,MAC,80,68,23,12,22,23,12,21,20,15,0,0,BAY,MAC,1,0,2019-2020
21,Regular Season,21-4,BAR,CRV,86,82,29,12,21,24,19,23,24,16,0,0,BAR,CRV,1,0,2019-2020
21,Regular Season,21-5,BAS,KHI,83,79,27,20,14,22,25,19,19,16,0,0,BAS,KHI,1,0,2019-2020
21,Regular Season,21-6,FEN,MIL,73,64,24,17,15,17,15,16,16,17,0,0,FEN,MIL,1,0,2019-2020
21,Regular Season,21-7,ZAL,BER,104,80,23,31,30,20,9,18,25,28,0,0,ZAL,BER,1,0,2019-2020
21,Regular Season,21-8,PAN,VIL,100,88,20,32,21,27,18,17,23,30,0,0,PAN,VIL,1,0,2019-2020
21,Regular Season,21-9,RMB,EFE,75,80,20,20,15,20,20,23,16,21,0,0,EFE,RMB,0,1,2019-2020
22,Regular Season,22-1,KHI,CSK,69,78,19,13,6,31,23,17,19,19,0,0,CSK,KHI,0,1,2019-2020
22,Regular Season,22-2,BER,FEN,70,74,22,19,15,14,17,16,17,24,0,0,FEN,BER,0,1,2019-2020
22,Regular Season,22-3,OLY,BAS,80,70,25,18,16,21,24,13,14,19,0,0,OLY,BAS,1,0,2019-2020
22,Regular Season,22-4,MAC,RMB,77,81,19,19,11,28,21,15,21,24,0,0,RMB,MAC,0,1,2019-2020
22,Regular Season,22-5,VIL,ZAL,74,79,16,11,23,24,16,14,25,24,0,0,ZAL,VIL,0,1,2019-2020
22,Regular Season,22-6,BAR,ZEN,90,72,21,32,21,16,21,14,19,18,0,0,BAR,ZEN,1,0,2019-2020
22,Regular Season,22-7,MIL,BAY,79,78,21,17,15,26,26,19,21,12,0,0,MIL,BAY,1,0,2019-2020
22,Regular Season,22-8,CRV,EFE,78,85,16,14,28,20,24,27,21,13,0,0,EFE,CRV,0,1,2019-2020
22,Regular Season,22-9,VAL,PAN,94,87,27,28,25,14,25,20,19,23,0,0,VAL,PAN,1,0,2019-2020
23,Regular Season,23-1,CSK,EFE,80,82,16,21,20,23,25,16,17,24,0,0,EFE,CSK,0,1,2019-2020
23,Regular Season,23-2,ZAL,OLY,94,69,22,24,23,25,17,20,11,21,0,0,ZAL,OLY,1,0,2019-2020
23,Regular Season,23-3,VIL,BAY,75,65,16,18,20,21,18,17,16,14,0,0,VIL,BAY,1,0,2019-2020
23,Regular Season,23-4,MIL,BER,96,102,25,20,28,23,27,18,30,27,0,0,BER,MIL,0,1,2019-2020
23,Regular Season,23-5,RMB,BAS,70,69,14,23,16,17,19,19,11,20,0,0,RMB,BAS,1,0,2019-2020
23,Regular Season,23-6,ZEN,FEN,68,73,15,17,18,18,19,22,13,19,0,0,FEN,ZEN,0,1,2019-2020
23,Regular Season,23-7,CRV,PAN,78,73,9,26,11,32,21,11,25,16,0,0,CRV,PAN,1,0,2019-2020
23,Regular Season,23-8,MAC,KHI,80,77,20,16,24,20,28,19,13,17,0,0,MAC,KHI,1,0,2019-2020
23,Regular Season,23-9,VAL,BAR,76,77,21,22,23,10,18,19,16,24,0,0,BAR,VAL,0,1,2019-2020
24,Regular Season,24-1,EFE,ZAL,96,91,19,21,23,33,20,23,22,26,0,0,EFE,ZAL,1,0,2019-2020
24,Regular Season,24-2,BER,RMB,97,103,25,35,11,26,41,9,29,24,0,0,RMB,BER,0,1,2019-2020
24,Regular Season,24-3,OLY,CSK,72,59,20,13,21,18,15,19,4,21,0,0,OLY,CSK,1,0,2019-2020
24,Regular Season,24-4,BAS,VIL,79,65,20,19,23,17,13,24,14,14,0,0,BAS,VIL,1,0,2019-2020
24,Regular Season,24-5,KHI,CRV,78,72,28,20,16,14,18,18,15,21,0,0,KHI,CRV,1,0,2019-2020
24,Regular Season,24-6,FEN,MAC,77,78,23,17,23,14,20,21,23,14,0,0,MAC,FEN,0,1,2019-2020
24,Regular Season,24-7,BAY,VAL,59,66,13,17,16,13,15,9,21,21,0,0,VAL,BAY,0,1,2019-2020
24,Regular Season,24-8,PAN,ZEN,96,81,30,16,25,25,11,29,20,21,0,0,PAN,ZEN,1,0,2019-2020
24,Regular Season,24-9,BAR,MIL,84,80,23,13,27,21,17,28,14,21,0,0,BAR,MIL,1,0,2019-2020
25,Regular Season,25-1,ZEN,BER,81,83,25,17,22,17,15,23,20,25,0,0,BER,ZEN,0,1,2019-2020
25,Regular Season,25-2,FEN,RMB,65,94,15,16,20,14,22,25,24,23,0,0,RMB,FEN,0,1,2019-2020
25,Regular Season,25-3,OLY,VIL,77,68,20,23,18,16,21,12,17,18,0,0,OLY,VIL,1,0,2019-2020
25,Regular Season,25-4,MIL,KHI,69,78,16,22,13,18,21,18,20,19,0,0,KHI,MIL,0,1,2019-2020
25,Regular Season,25-5,BAS,ZAL,60,74,17,18,10,15,13,17,21,23,0,0,ZAL,BAS,0,1,2019-2020
25,Regular Season,25-6,CRV,CSK,81,86,17,20,16,28,16,20,24,26,0,0,CSK,CRV,0,1,2019-2020
25,Regular Season,25-7,BAY,EFE,63,88,17,8,23,15,19,18,25,26,0,0,EFE,BAY,0,1,2019-2020
25,Regular Season,25-8,PAN,BAR,81,92,23,22,24,12,20,18,29,25,0,0,BAR,PAN,0,1,2019-2020
25,Regular Season,25-9,VAL,MAC,82,85,19,19,23,21,18,15,25,27,0,0,MAC,VAL,0,1,2019-2020
26,Regular Season,26-1,RMB,PAN,96,78,27,21,25,23,16,25,24,13,0,0,RMB,PAN,1,0,2019-2020
26,Regular Season,26-2,ZEN,BAY,68,77,20,16,18,14,19,21,20,17,0,0,BAY,ZEN,0,1,2019-2020
26,Regular Season,26-3,CSK,BAR,80,82,15,25,20,20,18,19,26,19,0,0,BAR,CSK,0,1,2019-2020
26,Regular Season,26-4,BER,EFE,86,99,21,26,18,21,32,18,29,20,0,0,EFE,BER,0,1,2019-2020
26,Regular Season,26-5,MAC,OLY,71,70,20,19,13,19,16,13,21,20,0,0,MAC,OLY,1,0,2019-2020
26,Regular Season,26-6,BAS,CRV,71,56,21,18,15,17,15,13,15,13,0,0,BAS,CRV,1,0,2019-2020
26,Regular Season,26-7,KHI,VIL,108,79,35,30,20,23,28,14,19,18,0,0,KHI,VIL,1,0,2019-2020
26,Regular Season,26-8,ZAL,MIL,105,97,27,26,19,19,25,19,27,20,14,6,ZAL,MIL,1,0,2019-2020
26,Regular Season,26-9,VAL,FEN,86,93,14,27,19,26,21,26,18,28,0,0,FEN,VAL,0,1,2019-2020
27,Regular Season,27-1,CSK,ZEN,86,78,23,23,20,20,21,22,15,20,0,0,CSK,ZEN,1,0,2019-2020
27,Regular Season,27-2,ZAL,KHI,96,85,29,21,14,32,15,19,24,27,0,0,ZAL,KHI,1,0,2019-2020
27,Regular Season,27-3,OLY,PAN,81,78,18,27,20,16,20,19,20,19,0,0,OLY,PAN,1,0,2019-2020
27,Regular Season,27-4,VIL,VAL,72,65,20,18,18,16,17,13,22,13,0,0,VIL,VAL,1,0,2019-2020
27,Regular Season,27-5,MIL,RMB,73,78,25,20,10,18,11,24,11,32,0,0,RMB,MIL,0,1,2019-2020
27,Regular Season,27-6,FEN,CRV,66,63,22,19,10,15,20,17,14,12,0,0,FEN,CRV,1,0,2019-2020
27,Regular Season,27-7,BER,BAR,80,84,18,28,16,18,27,11,28,18,0,0,BAR,BER,0,1,2019-2020
27,Regular Season,27-8,MAC,EFE,77,75,21,15,21,20,11,31,17,16,0,0,MAC,EFE,1,0,2019-2020
27,Regular Season,27-9,BAY,BAS,71,80,25,16,13,17,21,23,16,20,0,0,BAS,BAY,0,1,2019-2020
28,Regular Season,28-1,ZEN,ZAL,76,75,12,25,10,19,27,14,12,13,10,9,ZEN,ZAL,1,0,2019-2020
28,Regular Season,28-2,PAN,CSK,66,97,22,16,13,15,32,16,17,32,0,0,CSK,PAN,0,1,2019-2020
28,Regular Season,28-3,RMB,VIL,87,78,14,25,28,20,20,18,25,15,0,0,RMB,VIL,1,0,2019-2020
28,Regular Season,28-4,VAL,MIL,81,83,12,16,20,17,19,17,12,17,16,18,MIL,VAL,0,1,2019-2020
28,Regular Season,28-5,KHI,FEN,82,68,26,15,23,18,18,22,14,14,0,0,KHI,FEN,1,0,2019-2020
28,Regular Season,28-6,EFE,OLY,91,79,29,22,21,19,24,17,14,24,0,0,EFE,OLY,1,0,2019-2020
28,Regular Season,28-7,CRV,MAC,92,76,27,22,30,13,20,23,15,18,0,0,CRV,MAC,1,0,2019-2020
28,Regular Season,28-8,BAR,BAY,83,80,21,21,15,26,21,20,27,12,0,0,BAR,BAY,1,0,2019-2020
28,Regular Season,28-9,BAS,BER,73,72,15,14,19,25,15,24,20,13,0,0,BAS,BER,1,0,2019-2020
