Fixture,Phase,IDGAME,Home,Away,Home_Points,Away_Points,Q1H,Q2H,Q3H,Q4H,Q1A,Q2A,Q3A,Q4A,EXH,EXA,Winner,Loser,Home_win,Away_win,Season
1,Regular season,1-1,VIL,MIL,62,69,23,21,10,8,14,27,15,13,0,0,MIL,VIL,0,1,2022-2023
1,Regular season,1-2,PAN,RMB,68,71,22,15,14,17,23,15,16,17,0,0,RMB,PAN,0,1,2022-2023
1,Regular season,1-3,MAC,ZAL,84,83,30,16,25,13,27,21,17,18,0,0,MAC,ZAL,1,0,2022-2023
1,Regular season,1-4,VAL,BAS,71,81,21,12,23,15,19,20,20,22,0,0,BAS,VAL,0,1,2022-2023
1,Regular season,1-5,BAY,FEN,62,74,19,15,12,16,21,19,19,15,0,0,FEN,BAY,0,1,2022-2023
1,Regular season,1-6,EFE,CRV,72,59,17,18,21,16,14,20,16,9,0,0,EFE,CRV,1,0,2022-2023
1,Regular season,1-7,BER,PAR,100,84,33,28,16,23,18,25,18,23,0,0,BER,PAR,1,0,2022-2023
1,Regular season,1-8,BOL,ASM,66,83,18,16,11,21,18,22,23,20,0,0,ASM,BOL,0,1,2022-2023
1,Regular season,1-9,BAR,OLY,70,80,16,12,21,21,13,21,23,23,0,0,OLY,BAR,0,1,2022-2023
2,Regular season,2-1,CRV,PAN,75,77,24,14,18,19,18,24,15,20,0,0,PAN,CRV,0,1,2022-2023
2,Regular season,2-2,ASM,EFE,95,92,12,24,22,24,20,15,25,22,13,10,ASM,EFE,1,0,2022-2023
2,Regular season,2-3,BOL,BAY,66,63,24,10,22,10,16,16,19,12,0,0,BOL,BAY,1,0,2022-2023
2,Regular season,2-4,BAR,RMB,75,73,24,16,23,12,15,15,22,21,0,0,BAR,RMB,1,0,2022-2023
2,Regular season,2-5,BAS,PAR,103,99,14,32,21,22,23,19,26,21,14,10,BAS,PAR,1,0,2022-2023
2,Regular season,2-6,MIL,BER,74,80,12,18,21,19,26,12,22,10,4,10,BER,MIL,0,1,2022-2023
2,Regular season,2-7,OLY,ZAL,90,80,18,26,23,23,21,14,23,22,0,0,OLY,ZAL,1,0,2022-2023
2,Regular season,2-8,FEN,MAC,86,71,23,23,19,21,20,12,20,19,0,0,FEN,MAC,1,0,2022-2023
2,Regular season,2-9,VAL,VIL,76,77,27,11,21,17,16,26,20,15,0,0,VIL,VAL,0,1,2022-2023
3,Regular season,3-1,ZAL,BOL,68,65,16,15,21,16,24,14,15,12,0,0,ZAL,BOL,1,0,2022-2023
3,Regular season,3-2,EFE,VAL,91,92,21,24,23,23,20,25,21,26,0,0,VAL,EFE,0,1,2022-2023
3,Regular season,3-3,FEN,VIL,84,63,25,17,23,19,19,17,10,17,0,0,FEN,VIL,1,0,2022-2023
3,Regular season,3-4,MAC,ASM,78,70,14,17,21,26,20,22,17,11,0,0,MAC,ASM,1,0,2022-2023
3,Regular season,3-5,BAY,BAR,73,84,18,16,19,20,18,19,28,19,0,0,BAR,BAY,0,1,2022-2023
3,Regular season,3-6,PAR,MIL,75,80,27,22,12,14,17,24,21,18,0,0,MIL,PAR,0,1,2022-2023
3,Regular season,3-7,BER,PAN,94,65,17,26,21,30,9,24,12,20,0,0,BER,PAN,1,0,2022-2023
3,Regular season,3-8,BAS,CRV,92,75,23,19,17,33,24,23,10,18,0,0,BAS,CRV,1,0,2022-2023
3,Regular season,3-9,RMB,OLY,87,89,21,17,24,25,20,17,26,26,0,0,OLY,RMB,0,1,2022-2023
4,Regular Season,4-1,ZAL,BAR,73,72,20,24,11,18,19,16,21,16,0,0,ZAL,BAR,1,0,2022-2023
4,Regular Season,4-2,FEN,VAL,79,77,20,14,26,19,25,18,15,19,0,0,FEN,VAL,1,0,2022-2023
4,Regular Season,4-3,MAC,VIL,88,69,15,27,26,20,21,20,11,17,0,0,MAC,VIL,1,0,2022-2023
4,Regular Season,4-4,BAY,MIL,81,83,22,21,23,15,16,21,26,20,0,0,MIL,BAY,0,1,2022-2023
4,Regular Season,4-5,PAR,BOL,90,62,27,24,18,21,11,21,15,15,0,0,PAR,BOL,1,0,2022-2023
4,Regular Season,4-6,EFE,BER,78,74,22,19,17,20,23,14,23,14,0,0,EFE,BER,1,0,2022-2023
4,Regular Season,4-7,PAN,ASM,80,83,13,21,25,21,29,11,20,23,0,0,ASM,PAN,0,1,2022-2023
4,Regular Season,4-8,RMB,CRV,72,56,25,14,15,18,10,20,14,12,0,0,RMB,CRV,1,0,2022-2023
4,Regular Season,4-9,BAS,OLY,92,97,16,31,27,18,32,10,23,32,0,0,OLY,BAS,0,1,2022-2023
5,Regular Season,5-1,MAC,PAN,85,74,20,27,22,16,17,25,17,15,0,0,MAC,PAN,1,0,2022-2023
5,Regular Season,5-2,PAR,ZAL,87,76,20,24,16,27,22,14,21,19,0,0,PAR,ZAL,1,0,2022-2023
5,Regular Season,5-3,VAL,BER,87,73,23,27,22,15,20,19,16,18,0,0,VAL,BER,1,0,2022-2023
5,Regular Season,5-4,OLY,ASM,76,81,16,21,14,25,17,16,23,25,0,0,ASM,OLY,0,1,2022-2023
5,Regular Season,5-5,RMB,BOL,91,95,24,21,19,27,18,23,27,27,0,0,BOL,RMB,0,1,2022-2023
5,Regular Season,5-6,CRV,BAY,78,72,28,16,21,13,17,26,14,15,0,0,CRV,BAY,1,0,2022-2023
5,Regular Season,5-7,EFE,FEN,79,88,27,17,18,17,26,23,22,17,0,0,FEN,EFE,0,1,2022-2023
5,Regular Season,5-8,BAR,MIL,74,56,21,22,18,13,21,8,12,15,0,0,BAR,MIL,1,0,2022-2023
5,Regular Season,5-9,VIL,BAS,87,61,24,24,25,14,10,20,22,9,0,0,VIL,BAS,1,0,2022-2023
6,Regular Season,6-1,ASM,CRV,85,77,17,21,21,26,19,12,22,24,0,0,ASM,CRV,1,0,2022-2023
6,Regular Season,6-2,PAN,PAR,89,91,16,25,23,25,31,23,14,23,0,0,PAR,PAN,0,1,2022-2023
6,Regular Season,6-3,MIL,RMB,77,83,20,30,11,16,23,24,20,16,0,0,RMB,MIL,0,1,2022-2023
6,Regular Season,6-4,BAY,EFE,81,78,18,20,24,19,18,21,22,17,0,0,BAY,EFE,1,0,2022-2023
6,Regular Season,6-5,ZAL,BER,88,81,13,19,22,34,25,19,17,20,0,0,ZAL,BER,1,0,2022-2023
6,Regular Season,6-6,BAR,FEN,81,80,21,18,23,19,19,17,13,31,0,0,BAR,FEN,1,0,2022-2023
6,Regular Season,6-7,OLY,VAL,82,83,28,19,24,11,22,12,24,25,0,0,VAL,OLY,0,1,2022-2023
6,Regular Season,6-8,BAS,MAC,116,87,35,28,27,26,20,22,25,20,0,0,BAS,MAC,1,0,2022-2023
6,Regular Season,6-9,BOL,VIL,79,84,22,28,14,15,18,18,27,21,0,0,VIL,BOL,0,1,2022-2023
7,Regular Season,7-1,BER,BAY,77,79,15,24,19,19,26,19,23,11,0,0,BAY,BER,0,1,2022-2023
7,Regular Season,7-2,OLY,PAR,87,58,22,23,23,19,14,24,16,4,0,0,OLY,PAR,1,0,2022-2023
7,Regular Season,7-3,VIL,ZAL,76,93,24,22,21,9,22,28,19,24,0,0,ZAL,VIL,0,1,2022-2023
7,Regular Season,7-4,MAC,BAR,79,86,20,23,18,18,23,17,22,24,0,0,BAR,MAC,0,1,2022-2023
7,Regular Season,7-5,RMB,EFE,94,85,26,28,15,25,19,24,20,22,0,0,RMB,EFE,1,0,2022-2023
7,Regular Season,7-6,FEN,CRV,93,79,24,18,24,27,23,18,16,22,0,0,FEN,CRV,1,0,2022-2023
7,Regular Season,7-7,PAN,BAS,98,83,22,16,29,31,18,25,16,24,0,0,PAN,BAS,1,0,2022-2023
7,Regular Season,7-8,MIL,BOL,59,64,23,12,6,18,12,27,14,11,0,0,BOL,MIL,0,1,2022-2023
7,Regular Season,7-9,VAL,ASM,89,84,20,21,23,25,20,20,14,30,0,0,VAL,ASM,1,0,2022-2023
8,Regular Season,8-1,EFE,BAR,96,86,16,29,21,30,22,19,16,29,0,0,EFE,BAR,1,0,2022-2023
8,Regular Season,8-2,CRV,VIL,71,67,17,21,16,17,14,9,30,14,0,0,CRV,VIL,1,0,2022-2023
8,Regular Season,8-3,BAY,OLY,71,82,11,23,20,17,27,13,27,15,0,0,OLY,BAY,0,1,2022-2023
8,Regular Season,8-4,BOL,VAL,89,59,24,18,24,23,8,17,17,17,0,0,BOL,VAL,1,0,2022-2023
8,Regular Season,8-5,RMB,BER,90,72,26,27,17,20,20,17,15,20,0,0,RMB,BER,1,0,2022-2023
8,Regular Season,8-6,FEN,PAN,107,77,22,33,23,29,25,15,15,22,0,0,FEN,PAN,1,0,2022-2023
8,Regular Season,8-7,ASM,BAS,79,74,20,28,10,21,24,21,18,11,0,0,ASM,BAS,1,0,2022-2023
8,Regular Season,8-8,ZAL,MIL,71,62,16,18,15,22,11,13,15,23,0,0,ZAL,MIL,1,0,2022-2023
8,Regular Season,8-9,PAR,MAC,96,88,22,27,20,27,26,24,18,20,0,0,PAR,MAC,1,0,2022-2023
9,Regular Season,9-1,ASM,FEN,93,96,18,20,22,33,21,24,34,17,0,0,FEN,ASM,0,1,2022-2023
9,Regular Season,9-2,BER,CRV,79,85,19,21,17,18,20,17,18,20,4,10,CRV,BER,0,1,2022-2023
9,Regular Season,9-3,MAC,OLY,90,84,22,21,20,27,20,25,24,15,0,0,MAC,OLY,1,0,2022-2023
9,Regular Season,9-4,MIL,EFE,51,80,18,16,7,10,18,16,21,25,0,0,EFE,MIL,0,1,2022-2023
9,Regular Season,9-5,VAL,RMB,73,80,19,12,15,27,31,10,18,21,0,0,RMB,VAL,0,1,2022-2023
9,Regular Season,9-6,BAR,PAR,79,68,17,22,25,15,21,11,17,19,0,0,BAR,PAR,1,0,2022-2023
9,Regular Season,9-8,PAN,BOL,88,85,12,26,29,9,21,20,21,14,12,9,PAN,BOL,1,0,2022-2023
9,Regular Season,9-7,VIL,BAY,74,75,15,18,20,21,25,17,11,22,0,0,BAY,VIL,0,1,2022-2023
9,Regular Season,9-9,BAS,ZAL,93,73,21,21,22,29,20,24,14,15,0,0,BAS,ZAL,1,0,2022-2023
10,Regular Season,10-1,CRV,MAC,69,68,27,9,14,19,18,11,18,21,0,0,CRV,MAC,1,0,2022-2023
10,Regular Season,10-2,OLY,BER,86,76,18,21,22,25,21,17,21,17,0,0,OLY,BER,1,0,2022-2023
10,Regular Season,10-3,MIL,FEN,72,82,21,16,11,24,15,17,26,24,0,0,FEN,MIL,0,1,2022-2023
10,Regular Season,10-4,RMB,PAR,105,97,32,22,32,19,40,11,23,23,0,0,RMB,PAR,1,0,2022-2023
10,Regular Season,10-5,ASM,BAY,80,79,17,17,19,27,14,19,17,29,0,0,ASM,BAY,1,0,2022-2023
10,Regular Season,10-6,BAR,BAS,96,84,22,30,24,20,22,26,25,11,0,0,BAR,BAS,1,0,2022-2023
10,Regular Season,10-7,PAN,VIL,77,58,15,24,27,11,11,13,13,21,0,0,PAN,VIL,1,0,2022-2023
10,Regular Season,10-8,BOL,EFE,80,85,18,16,19,27,19,21,23,22,0,0,EFE,BOL,0,1,2022-2023
10,Regular Season,10-9,VAL,ZAL,76,80,31,13,17,15,24,13,22,21,0,0,ZAL,VAL,0,1,2022-2023
11,Regular Season,11-1,EFE,OLY,82,71,13,20,19,30,18,23,12,18,0,0,EFE,OLY,1,0,2022-2023
11,Regular Season,11-2,BER,BAR,86,88,19,27,11,29,30,15,26,17,0,0,BAR,BER,0,1,2022-2023
11,Regular Season,11-3,VIL,ASM,75,84,20,25,15,15,20,25,15,24,0,0,ASM,VIL,0,1,2022-2023
11,Regular Season,11-4,BAS,MIL,78,62,24,14,16,24,9,18,18,17,0,0,BAS,MIL,1,0,2022-2023
11,Regular Season,11-5,PAR,VAL,96,100,21,22,21,20,21,16,23,24,12,16,VAL,PAR,0,1,2022-2023
11,Regular Season,11-6,FEN,RMB,71,85,16,18,20,17,25,21,22,17,0,0,RMB,FEN,0,1,2022-2023
11,Regular Season,11-7,CRV,BOL,83,74,17,25,25,16,23,18,14,19,0,0,CRV,BOL,1,0,2022-2023
11,Regular Season,11-8,ZAL,PAN,67,81,13,15,25,14,27,17,16,21,0,0,PAN,ZAL,0,1,2022-2023
11,Regular Season,11-9,BAY,MAC,98,89,26,24,23,25,24,20,23,22,0,0,BAY,MAC,1,0,2022-2023
12,Regular Season,12-1,BER,FEN,75,104,18,17,17,23,24,30,30,20,0,0,FEN,BER,0,1,2022-2023
12,Regular Season,12-2,PAN,MIL,90,77,13,20,19,20,22,20,17,13,18,5,PAN,MIL,1,0,2022-2023
12,Regular Season,12-3,MAC,VAL,84,68,15,20,18,31,10,17,20,21,0,0,MAC,VAL,1,0,2022-2023
12,Regular Season,12-4,PAR,CRV,73,76,20,13,19,21,11,29,14,22,0,0,CRV,PAR,0,1,2022-2023
12,Regular Season,12-5,RMB,ASM,94,95,23,25,14,26,17,28,20,23,6,7,ASM,RMB,0,1,2022-2023
12,Regular Season,12-6,ZAL,EFE,60,86,19,14,15,12,25,8,30,23,0,0,EFE,ZAL,0,1,2022-2023
12,Regular Season,12-7,BAR,VIL,74,75,15,31,16,12,21,19,17,18,0,0,VIL,BAR,0,1,2022-2023
12,Regular Season,12-8,OLY,BOL,117,71,31,30,23,33,15,20,20,16,0,0,OLY,BOL,1,0,2022-2023
12,Regular Season,12-9,BAS,BAY,78,53,17,27,11,23,10,20,12,11,0,0,BAS,BAY,1,0,2022-2023
13,Regular Season,13-1,CRV,ZAL,77,73,14,22,20,21,22,15,21,15,0,0,CRV,ZAL,1,0,2022-2023
13,Regular Season,13-2,VIL,PAR,91,87,25,22,26,18,25,23,18,21,0,0,VIL,PAR,1,0,2022-2023
13,Regular Season,13-3,OLY,FEN,94,67,31,27,16,20,11,20,20,16,0,0,OLY,FEN,1,0,2022-2023
13,Regular Season,13-4,MIL,MAC,71,77,21,19,19,12,21,11,27,18,0,0,MAC,MIL,0,1,2022-2023
13,Regular Season,13-5,BAY,RMB,64,68,22,17,11,14,21,21,12,14,0,0,RMB,BAY,0,1,2022-2023
13,Regular Season,13-6,VAL,PAN,94,91,20,24,26,14,26,15,22,21,10,7,VAL,PAN,1,0,2022-2023
13,Regular Season,13-7,EFE,BAS,78,83,23,23,12,20,21,15,28,19,0,0,BAS,EFE,0,1,2022-2023
13,Regular Season,13-8,ASM,BAR,63,69,13,16,16,18,16,18,26,9,0,0,BAR,ASM,0,1,2022-2023
13,Regular Season,13-9,BOL,BER,82,76,18,22,23,19,15,14,23,24,0,0,BOL,BER,1,0,2022-2023
14,Regular Season,14-1,CRV,MIL,67,71,16,13,20,18,26,17,14,14,0,0,MIL,CRV,0,1,2022-2023
14,Regular Season,14-2,ZAL,RMB,81,72,18,19,19,25,21,14,20,17,0,0,ZAL,RMB,1,0,2022-2023
14,Regular Season,14-3,VIL,OLY,77,75,18,13,19,27,28,19,14,14,0,0,VIL,OLY,1,0,2022-2023
14,Regular Season,14-4,BAY,VAL,97,92,23,20,26,28,26,13,26,27,0,0,BAY,VAL,1,0,2022-2023
14,Regular Season,14-5,FEN,BAS,70,76,13,20,23,14,21,31,15,9,0,0,BAS,FEN,0,1,2022-2023
14,Regular Season,14-6,ASM,BER,92,89,28,24,20,20,25,19,21,24,0,0,ASM,BER,1,0,2022-2023
14,Regular Season,14-7,BAR,PAN,74,68,28,15,19,12,12,18,21,17,0,0,BAR,PAN,1,0,2022-2023
14,Regular Season,14-8,PAR,EFE,82,79,14,14,25,29,10,27,17,25,0,0,PAR,EFE,1,0,2022-2023
14,Regular Season,14-9,BOL,MAC,78,73,20,24,13,21,16,25,19,13,0,0,BOL,MAC,1,0,2022-2023
15,Regular Season,15-1,FEN,PAR,72,73,19,18,20,15,16,17,18,22,0,0,PAR,FEN,0,1,2022-2023
15,Regular Season,15-2,BER,MAC,70,83,21,26,16,7,19,21,21,22,0,0,MAC,BER,0,1,2022-2023
15,Regular Season,15-3,OLY,CRV,86,90,22,23,17,24,21,20,24,25,0,0,CRV,OLY,0,1,2022-2023
15,Regular Season,15-4,BAS,BOL,90,79,17,28,18,27,14,17,20,28,0,0,BAS,BOL,1,0,2022-2023
15,Regular Season,15-5,RMB,VIL,92,73,25,20,25,22,22,12,25,14,0,0,RMB,VIL,1,0,2022-2023
15,Regular Season,15-6,EFE,PAN,88,69,21,21,25,21,13,13,22,21,0,0,EFE,PAN,1,0,2022-2023
15,Regular Season,15-7,ZAL,BAY,75,67,26,18,16,15,21,14,13,19,0,0,ZAL,BAY,1,0,2022-2023
15,Regular Season,15-8,VAL,BAR,84,83,20,21,21,22,20,18,21,24,0,0,VAL,BAR,1,0,2022-2023
15,Regular Season,15-9,MIL,ASM,79,71,24,10,17,28,21,26,15,9,0,0,MIL,ASM,1,0,2022-2023
16,Regular Season,16-1,ASM,ZAL,84,82,17,25,18,24,26,23,15,18,0,0,ASM,ZAL,1,0,2022-2023
16,Regular Season,16-2,MAC,EFE,80,72,26,18,13,23,19,26,20,7,0,0,MAC,EFE,1,0,2022-2023
16,Regular Season,16-3,MIL,VAL,90,79,29,21,21,19,22,21,17,19,0,0,MIL,VAL,1,0,2022-2023
16,Regular Season,16-4,PAR,BAY,83,77,19,22,18,24,14,15,20,28,0,0,PAR,BAY,1,0,2022-2023
16,Regular Season,16-5,BAS,RMB,92,86,24,35,14,19,28,15,26,17,0,0,BAS,RMB,1,0,2022-2023
16,Regular Season,16-6,CRV,BAR,94,99,17,23,25,19,28,15,14,27,10,15,BAR,CRV,0,1,2022-2023
16,Regular Season,16-7,VIL,BER,79,91,27,22,16,14,15,32,26,18,0,0,BER,VIL,0,1,2022-2023
16,Regular Season,16-8,PAN,OLY,71,95,20,16,14,21,26,27,20,22,0,0,OLY,PAN,0,1,2022-2023
16,Regular Season,16-9,BOL,FEN,92,88,23,23,19,27,25,21,22,20,0,0,BOL,FEN,1,0,2022-2023
17,Regular Season,17-1,ZAL,FEN,86,66,21,20,26,19,15,15,10,26,0,0,ZAL,FEN,1,0,2022-2023
17,Regular Season,17-2,BER,BAS,85,84,27,27,23,8,20,28,19,17,0,0,BER,BAS,1,0,2022-2023
17,Regular Season,17-3,BAR,BOL,75,83,15,24,18,18,26,16,18,23,0,0,BOL,BAR,0,1,2022-2023
17,Regular Season,17-4,BAY,PAN,84,68,21,22,18,23,11,17,16,24,0,0,BAY,PAN,1,0,2022-2023
17,Regular Season,17-5,PAR,ASM,100,80,26,22,21,31,17,30,21,12,0,0,PAR,ASM,1,0,2022-2023
17,Regular Season,17-6,EFE,VIL,78,72,17,12,23,26,19,17,22,14,0,0,EFE,VIL,1,0,2022-2023
17,Regular Season,17-7,OLY,MIL,82,66,27,17,15,23,15,23,6,22,0,0,OLY,MIL,1,0,2022-2023
17,Regular Season,17-8,VAL,CRV,75,77,19,23,16,17,24,23,14,16,0,0,CRV,VAL,0,1,2022-2023
17,Regular Season,17-9,RMB,MAC,98,65,22,29,27,20,7,27,15,16,0,0,RMB,MAC,1,0,2022-2023
18,Regular Season,18-1,ASM,OLY,64,60,8,23,15,18,20,14,8,18,0,0,ASM,OLY,1,0,2022-2023
18,Regular Season,18-2,CRV,RMB,59,79,16,18,17,8,25,13,19,22,0,0,RMB,CRV,0,1,2022-2023
18,Regular Season,18-3,BER,MIL,83,63,20,25,15,23,12,21,18,12,0,0,BER,MIL,1,0,2022-2023
18,Regular Season,18-4,PAN,FEN,88,94,19,20,20,19,18,18,15,27,10,16,FEN,PAN,0,1,2022-2023
18,Regular Season,18-5,BAY,BAS,92,79,34,18,23,17,24,20,16,19,0,0,BAY,BAS,1,0,2022-2023
18,Regular Season,18-6,BOL,ZAL,77,87,13,23,24,17,24,16,20,27,0,0,ZAL,BOL,0,1,2022-2023
18,Regular Season,18-7,VIL,BAR,75,82,15,18,27,15,11,31,21,19,0,0,BAR,VIL,0,1,2022-2023
18,Regular Season,18-8,MAC,PAR,90,81,24,22,18,26,13,26,14,28,0,0,MAC,PAR,1,0,2022-2023
18,Regular Season,18-9,VAL,EFE,81,71,16,15,21,29,13,17,26,15,0,0,VAL,EFE,1,0,2022-2023
19,Regular Season,19-1,FEN,BAY,79,71,19,27,21,12,18,21,10,22,0,0,FEN,BAY,1,0,2022-2023
19,Regular Season,19-2,CRV,ASM,92,68,23,31,18,20,15,21,14,18,0,0,CRV,ASM,1,0,2022-2023
19,Regular Season,19-3,BER,RMB,77,84,12,23,24,18,25,21,20,18,0,0,RMB,BER,0,1,2022-2023
19,Regular Season,19-4,BOL,OLY,83,85,22,16,15,30,22,20,21,22,0,0,OLY,BOL,0,1,2022-2023
19,Regular Season,19-5,MIL,ZAL,61,66,9,18,13,21,19,18,22,7,0,0,ZAL,MIL,0,1,2022-2023
19,Regular Season,19-6,BAR,EFE,75,80,9,19,20,27,21,18,23,18,0,0,EFE,BAR,0,1,2022-2023
19,Regular Season,19-7,VIL,VAL,79,83,16,21,23,19,22,30,10,21,0,0,VAL,VIL,0,1,2022-2023
19,Regular Season,19-8,PAN,MAC,88,86,24,21,20,23,17,20,21,28,0,0,PAN,MAC,1,0,2022-2023
19,Regular Season,19-9,PAR,BAS,83,65,29,18,20,16,17,19,14,15,0,0,PAR,BAS,1,0,2022-2023
20,Regular Season,20-1,FEN,ASM,98,94,20,19,21,24,20,27,13,24,14,10,FEN,ASM,1,0,2022-2023
20,Regular Season,20-2,MAC,BER,87,74,25,13,25,24,10,18,22,24,0,0,MAC,BER,1,0,2022-2023
20,Regular Season,20-3,BAS,BAR,78,85,28,12,23,15,28,19,17,21,0,0,BAR,BAS,0,1,2022-2023
20,Regular Season,20-4,BOL,PAN,74,64,18,25,12,19,11,19,21,13,0,0,BOL,PAN,1,0,2022-2023
20,Regular Season,20-5,VAL,PAR,89,81,27,20,22,20,18,19,21,23,0,0,VAL,PAR,1,0,2022-2023
20,Regular Season,20-6,EFE,BAY,81,89,21,19,24,17,24,12,23,30,0,0,BAY,EFE,0,1,2022-2023
20,Regular Season,20-7,ZAL,CRV,71,66,20,18,12,21,14,16,26,10,0,0,ZAL,CRV,1,0,2022-2023
20,Regular Season,20-8,OLY,RMB,73,60,19,17,18,19,15,13,16,16,0,0,OLY,RMB,1,0,2022-2023
20,Regular Season,20-9,MIL,VIL,73,79,17,20,20,16,19,23,15,22,0,0,VIL,MIL,0,1,2022-2023
21,Regular Season,21-1,BER,VAL,88,94,25,22,21,20,24,26,17,27,0,0,VAL,BER,0,1,2022-2023
21,Regular Season,21-2,VIL,FEN,91,77,25,23,23,20,12,21,22,22,0,0,VIL,FEN,1,0,2022-2023
21,Regular Season,21-3,PAN,ZAL,89,65,19,8,37,25,24,18,16,7,0,0,PAN,ZAL,1,0,2022-2023
21,Regular Season,21-4,RMB,BAR,91,86,16,16,18,23,20,19,20,14,18,13,RMB,BAR,1,0,2022-2023
21,Regular Season,21-5,ASM,MIL,101,88,29,28,23,21,22,28,24,14,0,0,ASM,MIL,1,0,2022-2023
21,Regular Season,21-6,CRV,PAR,78,79,18,19,17,24,20,25,12,22,0,0,PAR,CRV,0,1,2022-2023
21,Regular Season,21-7,OLY,MAC,95,89,24,27,20,24,25,11,28,25,0,0,OLY,MAC,1,0,2022-2023
21,Regular Season,21-8,BAS,EFE,114,111,29,19,22,28,28,23,26,21,16,13,BAS,EFE,1,0,2022-2023
21,Regular Season,21-9,BAY,BOL,91,84,22,21,23,25,18,20,17,29,0,0,BAY,BOL,1,0,2022-2023
22,Regular Season,22-1,FEN,OLY,73,93,10,20,21,22,24,27,26,16,0,0,OLY,FEN,0,1,2022-2023
22,Regular Season,22-2,BAR,MAC,83,78,20,21,21,21,15,22,30,11,0,0,BAR,MAC,1,0,2022-2023
22,Regular Season,22-3,MIL,BAS,89,83,18,22,22,27,17,17,26,23,0,0,MIL,BAS,1,0,2022-2023
22,Regular Season,22-4,PAR,VIL,92,71,25,25,26,16,16,20,15,20,0,0,PAR,VIL,1,0,2022-2023
22,Regular Season,22-5,VAL,BAY,82,73,16,17,28,21,14,18,24,17,0,0,VAL,BAY,1,0,2022-2023
22,Regular Season,22-6,BOL,CRV,84,72,30,18,22,14,14,21,16,21,0,0,BOL,CRV,1,0,2022-2023
22,Regular Season,22-7,EFE,ZAL,80,70,16,22,17,25,16,12,21,21,0,0,EFE,ZAL,1,0,2022-2023
22,Regular Season,22-8,BER,ASM,84,102,24,12,18,30,22,29,22,29,0,0,ASM,BER,0,1,2022-2023
22,Regular Season,22-9,RMB,PAN,83,68,26,22,20,15,14,16,27,11,0,0,RMB,PAN,1,0,2022-2023
23,Regular Season,23-1,BAR,BAY,72,70,21,13,17,21,14,19,14,23,0,0,BAR,BAY,1,0,2022-2023
23,Regular Season,23-2,MIL,CRV,74,68,22,23,14,15,18,14,17,19,0,0,MIL,CRV,1,0,2022-2023
23,Regular Season,23-3,VAL,MAC,93,94,28,27,23,15,24,21,34,15,0,0,MAC,VAL,0,1,2022-2023
23,Regular Season,23-4,FEN,BER,101,86,31,26,24,20,27,20,14,25,0,0,FEN,BER,1,0,2022-2023
23,Regular Season,23-5,ASM,RMB,91,95,20,26,25,20,24,26,20,25,0,0,RMB,ASM,0,1,2022-2023
23,Regular Season,23-6,ZAL,PAR,74,88,15,15,24,20,26,21,14,27,0,0,PAR,ZAL,0,1,2022-2023
23,Regular Season,23-7,OLY,EFE,76,70,22,19,18,17,13,18,21,18,0,0,OLY,EFE,1,0,2022-2023
23,Regular Season,23-8,VIL,BOL,64,77,14,23,11,16,21,18,16,22,0,0,BOL,VIL,0,1,2022-2023
23,Regular Season,23-9,BAS,PAN,95,90,21,31,24,19,23,15,27,25,0,0,BAS,PAN,1,0,2022-2023
24,Regular Season,24-6,EFE,RMB,90,89,18,24,35,13,24,15,21,29,0,0,EFE,RMB,1,0,2022-2023
24,Regular Season,24-1,FEN,MIL,75,82,18,17,17,23,23,14,24,21,0,0,MIL,FEN,0,1,2022-2023
24,Regular Season,24-2,BER,OLY,60,93,13,22,10,15,28,17,28,20,0,0,OLY,BER,0,1,2022-2023
24,Regular Season,24-3,MAC,CRV,86,89,18,16,21,31,18,26,25,20,0,0,CRV,MAC,0,1,2022-2023
24,Regular Season,24-4,BAY,PAR,71,82,19,14,12,26,19,20,21,22,0,0,PAR,BAY,0,1,2022-2023
24,Regular Season,24-5,BOL,BAR,75,92,17,10,12,36,22,25,27,18,0,0,BAR,BOL,0,1,2022-2023
24,Regular Season,24-7,ASM,VIL,87,75,28,22,17,20,21,19,23,12,0,0,ASM,VIL,1,0,2022-2023
24,Regular Season,24-9,PAN,VAL,91,92,26,23,19,23,21,21,27,23,0,0,VAL,PAN,0,1,2022-2023
24,Regular Season,24-8,ZAL,BAS,79,75,20,18,23,18,18,24,18,15,0,0,ZAL,BAS,1,0,2022-2023
25,Regular Season,25-1,MAC,BAY,90,82,18,21,22,29,18,26,23,15,0,0,MAC,BAY,1,0,2022-2023
25,Regular Season,25-2,MIL,PAN,78,76,20,20,24,14,21,18,21,16,0,0,MIL,PAN,1,0,2022-2023
25,Regular Season,25-3,PAR,FEN,94,97,22,24,23,25,22,25,21,29,0,0,FEN,PAR,0,1,2022-2023
25,Regular Season,25-4,RMB,ZAL,96,69,22,31,23,20,24,14,14,17,0,0,RMB,ZAL,1,0,2022-2023
25,Regular Season,25-5,CRV,BER,72,87,25,19,17,11,15,24,21,27,0,0,BER,CRV,0,1,2022-2023
25,Regular Season,25-6,VIL,EFE,89,90,18,31,12,28,23,22,27,18,0,0,EFE,VIL,0,1,2022-2023
25,Regular Season,25-7,VAL,OLY,85,92,25,20,13,27,15,20,30,27,0,0,OLY,VAL,0,1,2022-2023
25,Regular Season,25-8,BOL,BAS,88,83,16,28,24,20,19,22,21,21,0,0,BOL,BAS,1,0,2022-2023
25,Regular Season,25-9,BAR,ASM,80,70,24,26,15,15,18,21,18,13,0,0,BAR,ASM,1,0,2022-2023
26,Regular Season,26-1,ASM,MAC,86,67,30,9,19,28,17,19,23,8,0,0,ASM,MAC,1,0,2022-2023
26,Regular Season,26-2,BAR,ZAL,93,74,19,27,31,16,17,19,18,20,0,0,BAR,ZAL,1,0,2022-2023
26,Regular Season,26-3,PAN,EFE,82,87,21,19,14,28,18,25,21,23,0,0,EFE,PAN,0,1,2022-2023
26,Regular Season,26-4,BAY,CRV,87,80,19,22,11,35,23,15,18,24,0,0,BAY,CRV,1,0,2022-2023
26,Regular Season,26-5,FEN,BOL,104,72,31,27,27,19,14,15,23,20,0,0,FEN,BOL,1,0,2022-2023
26,Regular Season,26-6,VIL,RMB,71,75,10,22,22,17,20,27,16,12,0,0,RMB,VIL,0,1,2022-2023
26,Regular Season,26-7,MIL,OLY,83,62,20,15,26,22,17,15,14,16,0,0,MIL,OLY,1,0,2022-2023
26,Regular Season,26-8,PAR,BER,88,74,20,22,35,11,19,25,9,21,0,0,PAR,BER,1,0,2022-2023
26,Regular Season,26-9,BAS,VAL,114,75,27,30,24,33,24,24,16,11,0,0,BAS,VAL,1,0,2022-2023
27,Regular Season,27-1,BER,ZAL,63,66,14,13,18,18,15,18,11,22,0,0,ZAL,BER,0,1,2022-2023
27,Regular Season,27-2,OLY,BAR,77,70,11,18,21,27,20,7,18,25,0,0,OLY,BAR,1,0,2022-2023
27,Regular Season,27-3,BAY,VIL,76,72,21,17,15,23,19,17,14,22,0,0,BAY,VIL,1,0,2022-2023
27,Regular Season,27-4,VAL,MIL,84,88,21,21,13,29,17,22,26,23,0,0,MIL,VAL,0,1,2022-2023
27,Regular Season,27-5,BOL,PAR,79,88,26,21,16,16,28,17,20,23,0,0,PAR,BOL,0,1,2022-2023
27,Regular Season,27-6,RMB,BAS,81,85,22,21,22,16,17,23,22,23,0,0,BAS,RMB,0,1,2022-2023
27,Regular Season,27-7,ASM,PAN,84,70,21,21,22,20,17,19,21,13,0,0,ASM,PAN,1,0,2022-2023
27,Regular Season,27-8,CRV,EFE,94,75,20,29,19,26,25,20,22,8,0,0,CRV,EFE,1,0,2022-2023
27,Regular Season,27-9,MAC,FEN,78,74,17,26,18,17,25,14,17,18,0,0,MAC,FEN,1,0,2022-2023
28,Regular Season,28-1,ZAL,VIL,85,67,16,31,18,20,22,15,13,17,0,0,ZAL,VIL,1,0,2022-2023
28,Regular Season,28-2,OLY,BAY,102,74,26,29,26,21,12,23,30,9,0,0,OLY,BAY,1,0,2022-2023
28,Regular Season,28-3,MIL,PAR,76,62,13,17,19,27,19,10,17,16,0,0,MIL,PAR,1,0,2022-2023
28,Regular Season,28-4,RMB,VAL,95,91,24,25,22,24,20,20,25,26,0,0,RMB,VAL,1,0,2022-2023
28,Regular Season,28-5,EFE,MAC,64,86,20,13,15,16,33,21,14,18,0,0,MAC,EFE,0,1,2022-2023
28,Regular Season,28-6,FEN,BAR,81,73,18,19,24,20,30,10,16,17,0,0,FEN,BAR,1,0,2022-2023
28,Regular Season,28-7,BER,BOL,74,96,14,19,26,15,22,27,28,19,0,0,BOL,BER,0,1,2022-2023
28,Regular Season,28-8,PAN,CRV,75,66,9,20,23,23,17,25,13,11,0,0,PAN,CRV,1,0,2022-2023
28,Regular Season,28-9,BAS,ASM,93,102,28,19,26,20,23,29,22,28,0,0,ASM,BAS,0,1,2022-2023
29,Regular Season,29-1,EFE,PAR,84,97,23,14,27,20,11,28,24,34,0,0,PAR,EFE,0,1,2022-2023
29,Regular Season,29-2,ASM,BOL,81,68,21,20,22,18,22,15,16,15,0,0,ASM,BOL,1,0,2022-2023
29,Regular Season,29-3,ZAL,OLY,72,74,17,17,15,23,15,25,21,13,0,0,OLY,ZAL,0,1,2022-2023
29,Regular Season,29-4,MAC,BAS,93,79,29,20,23,21,23,22,20,14,0,0,MAC,BAS,1,0,2022-2023
29,Regular Season,29-5,RMB,MIL,90,87,24,18,25,23,23,17,26,21,0,0,RMB,MIL,1,0,2022-2023
29,Regular Season,29-6,BAR,CRV,85,79,18,22,17,28,15,21,21,22,0,0,BAR,CRV,1,0,2022-2023
29,Regular Season,29-7,VIL,PAN,82,86,26,17,19,20,20,32,18,16,0,0,PAN,VIL,0,1,2022-2023
29,Regular Season,29-8,BAY,BER,75,76,14,23,21,17,20,18,18,20,0,0,BER,BAY,0,1,2022-2023
29,Regular Season,29-9,VAL,FEN,82,80,22,21,18,21,21,21,18,20,0,0,VAL,FEN,1,0,2022-2023
30,Regular Season,30-1,CRV,BAS,74,63,21,18,18,17,26,12,11,14,0,0,CRV,BAS,1,0,2022-2023
30,Regular Season,30-2,BER,EFE,95,93,24,25,19,27,21,19,27,26,0,0,BER,EFE,1,0,2022-2023
30,Regular Season,30-3,VIL,MAC,67,85,22,21,16,8,22,24,22,17,0,0,MAC,VIL,0,1,2022-2023
30,Regular Season,30-4,PAN,BAR,74,88,25,11,24,14,22,21,25,20,0,0,BAR,PAN,0,1,2022-2023
30,Regular Season,30-5,FEN,ZAL,87,79,22,24,19,22,16,19,20,24,0,0,FEN,ZAL,1,0,2022-2023
30,Regular Season,30-6,ASM,VAL,90,79,22,26,23,19,22,19,23,15,0,0,ASM,VAL,1,0,2022-2023
30,Regular Season,30-7,MIL,BAY,99,74,25,24,23,27,8,28,18,20,0,0,MIL,BAY,1,0,2022-2023
30,Regular Season,30-8,PAR,OLY,90,75,27,21,12,30,22,12,18,23,0,0,PAR,OLY,1,0,2022-2023
30,Regular Season,30-9,BOL,RMB,79,96,12,21,25,21,26,24,18,28,0,0,RMB,BOL,0,1,2022-2023
31,Regular Season,31-1,EFE,MIL,89,69,22,25,21,21,16,16,16,21,0,0,EFE,MIL,1,0,2022-2023
31,Regular Season,31-2,PAN,BAY,86,76,21,27,23,15,27,16,11,22,0,0,PAN,BAY,1,0,2022-2023
31,Regular Season,31-3,MAC,BOL,111,80,28,34,25,24,13,20,20,27,0,0,MAC,BOL,1,0,2022-2023
31,Regular Season,31-4,PAR,BAR,80,89,21,24,13,22,25,19,22,23,0,0,BAR,PAR,0,1,2022-2023
31,Regular Season,31-5,BAS,BER,93,87,25,19,24,25,24,24,19,20,0,0,BAS,BER,1,0,2022-2023
31,Regular Season,31-6,CRV,VAL,92,73,20,26,23,23,21,20,21,11,0,0,CRV,VAL,1,0,2022-2023
31,Regular Season,31-7,ZAL,ASM,79,70,28,20,17,14,19,22,12,17,0,0,ZAL,ASM,1,0,2022-2023
31,Regular Season,31-8,OLY,VIL,81,55,22,15,19,25,13,16,10,16,0,0,OLY,VIL,1,0,2022-2023
31,Regular Season,31-9,RMB,FEN,90,75,24,25,19,22,21,23,14,17,0,0,RMB,FEN,1,0,2022-2023
32,Regular Season,32-1,EFE,BOL,86,67,13,23,24,26,13,14,11,29,0,0,EFE,BOL,1,0,2022-2023
32,Regular Season,32-2,MAC,MIL,85,66,29,24,13,19,21,15,20,10,0,0,MAC,MIL,1,0,2022-2023
32,Regular Season,32-3,BAR,BER,72,56,19,15,16,22,21,14,7,14,0,0,BAR,BER,1,0,2022-2023
32,Regular Season,32-4,ZAL,VAL,95,74,21,31,22,21,16,24,15,19,0,0,ZAL,VAL,1,0,2022-2023
32,Regular Season,32-5,VIL,CRV,60,76,19,23,11,7,17,20,19,20,0,0,CRV,VIL,0,1,2022-2023
32,Regular Season,32-6,OLY,PAN,81,73,16,17,24,24,17,21,10,25,0,0,OLY,PAN,1,0,2022-2023
32,Regular Season,32-7,BAS,FEN,92,69,25,13,22,32,27,17,14,11,0,0,BAS,FEN,1,0,2022-2023
32,Regular Season,32-8,BAY,ASM,81,84,22,18,20,21,23,22,12,27,0,0,ASM,BAY,0,1,2022-2023
32,Regular Season,32-9,PAR,RMB,104,90,21,28,29,26,23,15,34,18,0,0,PAR,RMB,1,0,2022-2023
33,Regular Season,33-1,CRV,OLY,87,79,26,19,20,22,30,17,12,20,0,0,CRV,OLY,1,0,2022-2023
33,Regular Season,33-2,FEN,EFE,103,86,23,25,24,31,17,23,24,22,0,0,FEN,EFE,1,0,2022-2023
33,Regular Season,33-3,BAS,VIL,120,100,32,23,33,32,24,27,24,25,0,0,BAS,VIL,1,0,2022-2023
33,Regular Season,33-4,VAL,BOL,79,68,17,23,18,21,19,19,19,11,0,0,VAL,BOL,1,0,2022-2023
33,Regular Season,33-5,RMB,BAY,79,67,19,21,16,23,13,23,8,23,0,0,RMB,BAY,1,0,2022-2023
33,Regular Season,33-6,ASM,PAR,84,88,22,13,21,28,18,24,20,26,0,0,PAR,ASM,0,1,2022-2023
33,Regular Season,33-7,ZAL,MAC,68,67,17,25,14,12,17,28,7,15,0,0,ZAL,MAC,1,0,2022-2023
33,Regular Season,33-8,PAN,BER,84,88,17,25,26,16,25,24,17,22,0,0,BER,PAN,0,1,2022-2023
33,Regular Season,33-9,MIL,BAR,84,76,18,21,19,26,21,15,12,28,0,0,MIL,BAR,1,0,2022-2023
34,Regular Season,34-1,CRV,FEN,91,89,15,26,16,22,21,18,18,22,12,10,CRV,FEN,1,0,2022-2023
34,Regular Season,34-2,BER,VIL,88,71,20,18,27,23,16,20,18,17,0,0,BER,VIL,1,0,2022-2023
34,Regular Season,34-3,OLY,BAS,86,78,19,26,21,20,11,22,22,23,0,0,OLY,BAS,1,0,2022-2023
34,Regular Season,34-4,MAC,RMB,100,96,16,21,28,21,18,24,20,24,14,10,MAC,RMB,1,0,2022-2023
34,Regular Season,34-5,BOL,MIL,89,84,22,17,26,24,26,21,21,16,0,0,BOL,MIL,1,0,2022-2023
34,Regular Season,34-6,EFE,ASM,87,72,23,18,19,27,16,23,15,18,0,0,EFE,ASM,1,0,2022-2023
34,Regular Season,34-7,BAR,VAL,85,71,24,27,21,13,21,25,15,10,0,0,BAR,VAL,1,0,2022-2023
34,Regular Season,34-8,PAR,PAN,83,81,18,21,19,25,26,19,21,15,0,0,PAR,PAN,1,0,2022-2023
34,Regular Season,34-9,BAY,ZAL,80,83,18,20,9,33,19,15,17,32,0,0,ZAL,BAY,0,1,2022-2023
35,Play offs,35-1,ASM,MAC,67,79,16,17,17,17,18,18,24,19,0,0,MAC,ASM,0,1,2022-2023
35,Play offs,35-3,BAR,ZAL,91,69,25,23,18,25,13,18,22,16,0,0,BAR,ZAL,1,0,2022-2023
35,Play offs,35-2,RMB,PAR,87,89,22,22,20,23,22,26,15,26,0,0,PAR,RMB,0,1,2022-2023
35,Play offs,35-4,OLY,FEN,79,68,19,18,26,16,21,14,16,17,0,0,OLY,FEN,1,0,2022-2023
36,Play offs,36-1,ASM,MAC,86,74,22,20,25,19,18,23,13,20,0,0,ASM,MAC,1,0,2022-2023
36,Play offs,36-3,BAR,ZAL,89,81,20,25,23,21,21,23,22,15,0,0,BAR,ZAL,1,0,2022-2023
36,Play offs,36-2,RMB,PAR,80,95,21,16,25,18,31,20,24,20,0,0,PAR,RMB,0,1,2022-2023
36,Play offs,36-4,OLY,FEN,78,82,24,13,19,22,10,24,17,31,0,0,FEN,OLY,0,1,2022-2023
37,Play offs,37-1,MAC,ASM,78,83,16,16,25,21,22,19,19,23,0,0,ASM,MAC,0,1,2022-2023
37,Play offs,37-3,ZAL,BAR,66,77,10,16,22,18,13,16,32,16,0,0,BAR,ZAL,0,1,2022-2023
37,Play offs,37-2,PAR,RMB,80,82,32,16,15,17,19,26,21,16,0,0,RMB,PAR,0,1,2022-2023
37,Play offs,37-4,FEN,OLY,71,72,21,14,16,20,15,23,7,27,0,0,OLY,FEN,0,1,2022-2023
38,Play offs,38-1,MAC,ASM,104,69,17,30,32,25,24,12,17,16,0,0,MAC,ASM,1,0,2022-2023
38,Play offs,38-2,PAR,RMB,78,85,15,27,13,23,27,18,16,24,0,0,RMB,PAR,0,1,2022-2023
38,Play offs,38-4,FEN,OLY,73,69,18,14,16,25,17,16,16,20,0,0,FEN,OLY,1,0,2022-2023
39,Play offs,39-1,ASM,MAC,97,86,26,27,19,25,33,16,21,16,0,0,ASM,MAC,1,0,2022-2023
39,Play offs,39-2,RMB,PAR,98,94,22,17,30,29,23,32,21,18,0,0,RMB,PAR,1,0,2022-2023
39,Play offs,39-4,OLY,FEN,84,72,20,24,21,19,15,18,19,20,0,0,OLY,FEN,1,0,2022-2023
40,Final Four,40-1,OLY,ASM,76,62,14,15,27,20,20,21,2,19,0,0,OLY,ASM,1,0,2022-2023
40,Final Four,40-2,BAR,RMB,66,78,18,24,13,11,18,18,22,20,0,0,RMB,BAR,0,1,2022-2023
41,Final Four,41-1,ASM,BAR,78,66,24,20,16,18,13,15,17,21,0,0,ASM,BAR,1,0,2022-2023
42,Final Four,42-1,OLY,RMB,78,79,24,21,18,15,17,28,14,20,0,0,RMB,OLY,0,1,2022-2023
