Fixture,Phase,IDGAME,Home,Away,Home_Points,Away_Points,Q1H,Q2H,Q3H,Q4H,Q1A,Q2A,Q3A,Q4A,EXH,EXA,Winner,Loser,Home_win,Away_win,Season
1,Regular Season,1-1,EFE,ZEN,69,73,10,16,28,15,15,11,23,24,0,0,ZEN,EFE,0,1,2020-2021
1,Regular Season,1-2,BAR,CSK,76,66,24,17,14,21,14,19,15,18,0,0,BAR,CSK,1,0,2020-2021
1,Regular Season,1-3,MAC,BER,80,73,19,30,18,13,29,12,17,15,0,0,MAC,BER,1,0,2020-2021
1,Regular Season,1-4,OLY,ZAL,67,68,18,19,21,9,23,11,13,21,0,0,ZAL,OLY,0,1,2020-2021
1,Regular Season,1-5,VAL,VIL,65,63,18,19,13,15,17,16,14,16,0,0,VAL,VIL,1,0,2020-2021
1,Regular Season,1-6,BAY,MIL,79,81,14,17,24,15,15,17,22,16,9,11,MIL,BAY,0,1,2020-2021
1,Regular Season,1-7,KHI,PAN,76,78,17,22,23,14,24,17,18,19,0,0,PAN,KHI,0,1,2020-2021
1,Regular Season,1-8,FEN,CRV,77,63,24,18,15,20,20,10,11,22,0,0,FEN,CRV,1,0,2020-2021
1,Regular Season,1-9,BAS,RMB,76,63,15,18,19,24,16,13,20,14,0,0,BAS,RMB,1,0,2020-2021
2,Regular Season,2-1,EFE,FEN,71,80,23,12,19,17,16,26,19,19,0,0,FEN,EFE,0,1,2020-2021
2,Regular Season,2-2,CSK,MAC,76,72,20,11,14,31,15,15,14,28,0,0,CSK,MAC,1,0,2020-2021
2,Regular Season,2-3,RMB,VAL,77,93,19,20,14,24,17,27,24,25,0,0,VAL,RMB,0,1,2020-2021
2,Regular Season,2-4,BER,BAY,72,90,27,9,18,18,21,31,19,19,0,0,BAY,BER,0,1,2020-2021
2,Regular Season,2-5,MIL,VIL,87,73,20,25,16,26,17,23,14,19,0,0,MIL,VIL,1,0,2020-2021
2,Regular Season,2-6,PAN,OLY,71,78,12,23,22,14,22,22,18,16,0,0,OLY,PAN,0,1,2020-2021
2,Regular Season,2-7,CRV,BAS,90,73,23,13,29,25,16,15,18,24,0,0,CRV,BAS,1,0,2020-2021
2,Regular Season,2-8,ZEN,BAR,74,70,16,19,19,20,19,19,17,15,0,0,ZEN,BAR,1,0,2020-2021
2,Regular Season,2-9,KHI,ZAL,70,84,20,12,16,22,17,24,26,17,0,0,ZAL,KHI,0,1,2020-2021
3,Regular Season,3-1,BER,EFE,72,93,14,21,20,17,29,24,17,23,0,0,EFE,BER,0,1,2020-2021
3,Regular Season,3-2,CRV,ZAL,69,75,19,14,27,9,19,20,23,13,0,0,ZAL,CRV,0,1,2020-2021
3,Regular Season,3-3,VAL,BAR,66,71,19,16,9,22,16,17,21,17,0,0,BAR,VAL,0,1,2020-2021
3,Regular Season,3-4,VIL,PAN,97,73,20,24,24,29,17,13,21,22,0,0,VIL,PAN,1,0,2020-2021
3,Regular Season,3-5,BAS,ZEN,70,77,13,15,23,19,10,24,22,21,0,0,ZEN,BAS,0,1,2020-2021
3,Regular Season,3-6,MAC,BAY,82,85,15,10,30,27,15,19,26,25,0,0,BAY,MAC,0,1,2020-2021
3,Regular Season,3-7,OLY,MIL,86,75,18,18,27,23,21,21,16,17,0,0,OLY,MIL,1,0,2020-2021
3,Regular Season,3-8,RMB,KHI,94,85,25,24,21,24,25,16,16,28,0,0,RMB,KHI,1,0,2020-2021
3,Regular Season,3-9,FEN,CSK,77,78,10,21,20,18,12,20,17,20,8,9,CSK,FEN,0,1,2020-2021
4,Regular Season,4-1,BAR,PAN,97,89,13,23,22,17,18,17,23,17,22,14,BAR,PAN,1,0,2020-2021
4,Regular Season,4-2,VAL,ZEN,72,85,12,27,21,12,16,17,32,20,0,0,ZEN,VAL,0,1,2020-2021
4,Regular Season,4-3,VIL,CRV,68,89,21,17,15,15,17,27,23,22,0,0,CRV,VIL,0,1,2020-2021
4,Regular Season,4-4,ZAL,EFE,89,73,25,16,25,23,16,19,20,18,0,0,ZAL,EFE,1,0,2020-2021
4,Regular Season,4-5,CSK,BER,88,93,19,32,14,23,17,30,21,25,0,0,BER,CSK,0,1,2020-2021
4,Regular Season,4-6,MIL,RMB,78,70,10,21,23,24,19,23,13,15,0,0,MIL,RMB,1,0,2020-2021
4,Regular Season,4-7,OLY,MAC,85,82,15,29,25,16,22,18,26,16,0,0,OLY,MAC,1,0,2020-2021
4,Regular Season,4-8,FEN,BAY,71,75,28,17,13,13,9,16,23,27,0,0,BAY,FEN,0,1,2020-2021
4,Regular Season,4-9,BAS,KHI,77,60,15,20,19,23,18,18,11,13,0,0,BAS,KHI,1,0,2020-2021
5,Regular Season,5-1,BER,BAS,95,91,25,20,29,21,19,25,28,19,0,0,BER,BAS,1,0,2020-2021
5,Regular Season,5-2,PAN,FEN,82,68,22,15,25,20,13,17,26,12,0,0,PAN,FEN,1,0,2020-2021
5,Regular Season,5-3,CRV,CSK,86,84,18,17,11,27,20,23,8,22,13,11,CRV,CSK,1,0,2020-2021
5,Regular Season,5-4,ZEN,MIL,79,70,19,21,14,25,15,23,16,16,0,0,ZEN,MIL,1,0,2020-2021
5,Regular Season,5-5,ZAL,VAL,82,94,27,18,12,25,22,15,30,27,0,0,VAL,ZAL,0,1,2020-2021
5,Regular Season,5-6,EFE,VIL,72,68,13,20,15,24,19,8,17,24,0,0,EFE,VIL,1,0,2020-2021
5,Regular Season,5-7,BAR,RMB,79,72,18,30,16,15,14,13,25,20,0,0,BAR,RMB,1,0,2020-2021
5,Regular Season,5-8,BAY,OLY,74,68,22,17,22,13,18,16,19,15,0,0,BAY,OLY,1,0,2020-2021
5,Regular Season,5-9,KHI,MAC,87,89,18,15,22,26,16,20,22,23,6,8,MAC,KHI,0,1,2020-2021
6,Regular Season,6-1,CSK,VAL,84,75,17,27,18,22,16,19,23,17,0,0,CSK,VAL,1,0,2020-2021
6,Regular Season,6-2,MAC,FEN,65,75,22,16,16,11,18,17,21,19,0,0,FEN,MAC,0,1,2020-2021
6,Regular Season,6-3,RMB,BAY,100,82,27,22,21,30,17,28,16,21,0,0,RMB,BAY,1,0,2020-2021
6,Regular Season,6-4,ZEN,PAN,112,83,26,21,29,36,22,18,20,23,0,0,ZEN,PAN,1,0,2020-2021
6,Regular Season,6-5,VIL,ZAL,74,83,23,27,10,14,13,28,16,26,0,0,ZAL,VIL,0,1,2020-2021
6,Regular Season,6-6,KHI,CRV,83,77,19,25,14,25,22,18,17,20,0,0,KHI,CRV,1,0,2020-2021
6,Regular Season,6-7,MIL,BER,75,55,19,23,22,11,13,9,19,14,0,0,MIL,BER,1,0,2020-2021
6,Regular Season,6-8,OLY,EFE,79,84,26,12,19,22,29,15,19,21,0,0,EFE,OLY,0,1,2020-2021
6,Regular Season,6-9,BAS,BAR,71,72,19,18,19,15,20,19,19,14,0,0,BAR,BAS,0,1,2020-2021
7,Regular Season,7-1,BER,BAR,67,103,18,18,15,16,30,26,23,24,0,0,BAR,BER,0,1,2020-2021
7,Regular Season,7-2,EFE,MAC,91,89,22,27,18,24,24,26,22,17,0,0,EFE,MAC,1,0,2020-2021
7,Regular Season,7-3,ZEN,OLY,66,75,20,7,16,23,19,22,17,17,0,0,OLY,ZEN,0,1,2020-2021
7,Regular Season,7-4,BAS,VIL,86,88,20,23,18,25,26,17,23,22,0,0,VIL,BAS,0,1,2020-2021
7,Regular Season,7-5,BAY,CRV,74,59,18,15,22,19,14,17,20,8,0,0,BAY,CRV,1,0,2020-2021
7,Regular Season,7-6,PAN,CSK,83,89,24,18,16,25,24,27,14,24,0,0,CSK,PAN,0,1,2020-2021
7,Regular Season,7-7,FEN,KHI,83,71,23,19,23,18,20,15,20,16,0,0,FEN,KHI,1,0,2020-2021
7,Regular Season,7-8,VAL,MIL,86,81,24,18,24,20,18,26,17,20,0,0,VAL,MIL,1,0,2020-2021
7,Regular Season,7-9,ZAL,RMB,90,93,24,30,19,17,32,16,19,26,0,0,RMB,ZAL,0,1,2020-2021
8,Regular Season,8-1,BAR,FEN,97,55,28,23,18,28,17,12,9,17,0,0,BAR,FEN,1,0,2020-2021
8,Regular Season,8-2,CSK,BAS,89,86,23,24,19,23,16,19,23,28,0,0,CSK,BAS,1,0,2020-2021
8,Regular Season,8-3,MAC,ZAL,85,57,24,29,19,13,14,9,21,13,0,0,MAC,ZAL,1,0,2020-2021
8,Regular Season,8-4,OLY,BER,75,71,10,14,27,24,22,13,9,27,0,0,OLY,BER,1,0,2020-2021
8,Regular Season,8-5,BAY,VAL,90,79,21,16,25,28,18,21,21,19,0,0,BAY,VAL,1,0,2020-2021
8,Regular Season,8-6,KHI,MIL,93,102,20,27,21,25,28,26,18,30,0,0,MIL,KHI,0,1,2020-2021
8,Regular Season,8-7,PAN,EFE,77,80,22,18,14,23,21,15,23,21,0,0,EFE,PAN,0,1,2020-2021
8,Regular Season,8-8,CRV,RMB,67,73,26,16,11,14,21,15,23,14,0,0,RMB,CRV,0,1,2020-2021
8,Regular Season,8-9,VIL,ZEN,53,66,11,10,16,16,12,16,16,22,0,0,ZEN,VIL,0,1,2020-2021
9,Regular Season,9-1,EFE,BAY,71,74,23,14,20,14,22,20,8,24,0,0,BAY,EFE,0,1,2020-2021
9,Regular Season,9-2,ZEN,KHI,83,88,27,20,20,16,19,25,19,25,0,0,KHI,ZEN,0,1,2020-2021
9,Regular Season,9-3,VAL,PAN,95,83,22,23,25,25,21,20,25,17,0,0,VAL,PAN,1,0,2020-2021
9,Regular Season,9-4,BAS,FEN,86,68,20,25,19,22,21,15,23,9,0,0,BAS,FEN,1,0,2020-2021
9,Regular Season,9-5,ZAL,CSK,78,87,17,21,20,20,26,19,21,21,0,0,CSK,ZAL,0,1,2020-2021
9,Regular Season,9-6,BER,VIL,76,75,19,17,14,26,21,22,17,15,0,0,BER,VIL,1,0,2020-2021
9,Regular Season,9-7,BAR,OLY,88,96,17,30,16,25,26,25,21,24,0,0,OLY,BAR,0,1,2020-2021
9,Regular Season,9-8,MIL,CRV,79,87,23,21,16,19,18,30,18,21,0,0,CRV,MIL,0,1,2020-2021
9,Regular Season,9-9,RMB,MAC,79,63,29,16,17,17,18,14,18,13,0,0,RMB,MAC,1,0,2020-2021
10,Regular Season,10-1,BAY,CSK,81,89,17,22,21,21,18,18,28,25,0,0,CSK,BAY,0,1,2020-2021
10,Regular Season,10-2,KHI,EFE,77,105,30,21,12,14,29,29,28,19,0,0,EFE,KHI,0,1,2020-2021
10,Regular Season,10-3,BAS,PAN,93,72,20,26,20,27,23,16,19,14,0,0,BAS,PAN,1,0,2020-2021
10,Regular Season,10-4,BER,ZEN,66,73,10,12,21,23,12,21,18,22,0,0,ZEN,BER,0,1,2020-2021
10,Regular Season,10-5,BAR,CRV,76,65,19,20,22,15,6,16,22,21,0,0,BAR,CRV,1,0,2020-2021
10,Regular Season,10-6,MIL,ZAL,98,92,21,31,21,25,25,15,24,28,0,0,MIL,ZAL,1,0,2020-2021
10,Regular Season,10-7,RMB,FEN,94,74,28,21,23,22,12,24,15,23,0,0,RMB,FEN,1,0,2020-2021
10,Regular Season,10-8,VAL,MAC,82,80,19,24,15,24,17,20,22,21,0,0,VAL,MAC,1,0,2020-2021
10,Regular Season,10-9,VIL,OLY,93,101,15,22,24,25,23,21,19,23,7,15,OLY,VIL,0,1,2020-2021
11,Regular Season,11-1,BER,KHI,100,80,20,30,27,23,24,20,18,18,0,0,BER,KHI,1,0,2020-2021
11,Regular Season,11-2,CSK,RMB,74,73,17,18,23,16,20,18,17,18,0,0,CSK,RMB,1,0,2020-2021
11,Regular Season,11-3,MAC,MIL,85,86,20,15,18,17,18,28,13,11,15,16,MIL,MAC,0,1,2020-2021
11,Regular Season,11-4,OLY,BAS,76,90,15,16,27,18,23,24,20,23,0,0,BAS,OLY,0,1,2020-2021
11,Regular Season,11-5,CRV,EFE,64,75,14,22,14,14,16,24,27,8,0,0,EFE,CRV,0,1,2020-2021
11,Regular Season,11-6,ZAL,ZEN,75,83,15,17,19,24,23,22,21,17,0,0,ZEN,ZAL,0,1,2020-2021
11,Regular Season,11-7,PAN,BAY,83,76,18,26,16,23,13,22,19,22,0,0,PAN,BAY,1,0,2020-2021
11,Regular Season,11-8,FEN,VAL,86,90,17,26,21,22,16,17,26,31,0,0,VAL,FEN,0,1,2020-2021
11,Regular Season,11-9,VIL,BAR,80,68,25,20,20,15,19,17,17,15,0,0,VIL,BAR,1,0,2020-2021
12,Regular Season,12-1,CSK,OLY,80,61,20,19,17,24,19,10,9,23,0,0,CSK,OLY,1,0,2020-2021
12,Regular Season,12-2,MAC,CRV,81,76,23,18,15,25,20,18,17,21,0,0,MAC,CRV,1,0,2020-2021
12,Regular Season,12-3,MIL,PAN,77,80,22,20,18,17,18,12,24,26,0,0,PAN,MIL,0,1,2020-2021
12,Regular Season,12-4,ZEN,FEN,65,73,14,18,21,12,23,22,8,20,0,0,FEN,ZEN,0,1,2020-2021
12,Regular Season,12-5,VAL,BER,92,100,21,29,15,27,27,24,32,17,0,0,BER,VAL,0,1,2020-2021
12,Regular Season,12-6,EFE,BAS,59,77,20,17,13,9,17,25,21,14,0,0,BAS,EFE,0,1,2020-2021
12,Regular Season,12-7,BAY,KHI,80,77,15,28,21,16,22,18,24,13,0,0,BAY,KHI,1,0,2020-2021
12,Regular Season,12-8,RMB,VIL,91,84,19,21,21,30,26,24,20,14,0,0,RMB,VIL,1,0,2020-2021
12,Regular Season,12-9,ZAL,BAR,62,73,14,19,15,14,17,22,16,18,0,0,BAR,ZAL,0,1,2020-2021
13,Regular Season,13-1,BER,FEN,89,63,23,21,26,19,16,11,14,22,0,0,BER,FEN,1,0,2020-2021
13,Regular Season,13-2,RMB,ZEN,79,72,24,12,23,20,21,10,11,30,0,0,RMB,ZEN,1,0,2020-2021
13,Regular Season,13-3,CRV,OLY,79,81,30,15,16,18,16,21,25,19,0,0,OLY,CRV,0,1,2020-2021
13,Regular Season,13-4,VAL,EFE,76,74,19,21,14,22,23,15,22,14,0,0,VAL,EFE,1,0,2020-2021
13,Regular Season,13-5,BAS,MAC,63,67,20,13,21,9,12,25,19,11,0,0,MAC,BAS,0,1,2020-2021
13,Regular Season,13-6,BAR,MIL,87,71,23,16,21,27,15,28,18,10,0,0,BAR,MIL,1,0,2020-2021
13,Regular Season,13-7,BAY,VIL,76,62,24,18,18,16,15,10,19,18,0,0,BAY,VIL,1,0,2020-2021
13,Regular Season,13-8,KHI,CSK,87,96,22,21,26,18,25,27,25,19,0,0,CSK,KHI,0,1,2020-2021
13,Regular Season,13-9,PAN,ZAL,69,81,12,21,17,19,24,19,17,21,0,0,ZAL,PAN,0,1,2020-2021
14,Regular Season,14-1,CSK,EFE,100,65,20,27,27,26,13,21,15,16,0,0,CSK,EFE,1,0,2020-2021
14,Regular Season,14-2,PAN,RMB,82,86,15,14,19,20,14,19,23,12,14,18,RMB,PAN,0,1,2020-2021
14,Regular Season,14-3,CRV,BER,84,90,16,21,20,19,15,19,14,28,8,14,BER,CRV,0,1,2020-2021
14,Regular Season,14-4,FEN,MIL,71,79,25,10,13,23,26,18,24,11,0,0,MIL,FEN,0,1,2020-2021
14,Regular Season,14-5,ZAL,BAS,92,73,25,19,24,24,22,14,11,26,0,0,ZAL,BAS,1,0,2020-2021
14,Regular Season,14-6,BAR,KHI,87,74,32,19,18,18,25,16,12,21,0,0,BAR,KHI,1,0,2020-2021
14,Regular Season,14-7,OLY,VAL,85,96,16,23,26,20,25,27,24,20,0,0,VAL,OLY,0,1,2020-2021
14,Regular Season,14-8,ZEN,BAY,79,75,14,21,21,23,20,23,17,15,0,0,ZEN,BAY,1,0,2020-2021
14,Regular Season,14-9,VIL,MAC,84,81,30,20,17,17,24,17,23,17,0,0,VIL,MAC,1,0,2020-2021
15,Regular Season,15-1,EFE,MIL,69,72,20,11,21,17,20,26,6,20,0,0,MIL,EFE,0,1,2020-2021
15,Regular Season,15-2,PAN,BER,92,69,25,14,27,26,18,14,20,17,0,0,PAN,BER,1,0,2020-2021
15,Regular Season,15-3,ZAL,FEN,99,62,24,27,30,18,7,24,16,15,0,0,ZAL,FEN,1,0,2020-2021
15,Regular Season,15-4,BAR,MAC,67,68,12,20,22,13,17,13,23,15,0,0,MAC,BAR,0,1,2020-2021
15,Regular Season,15-5,BAY,BAS,77,66,18,20,20,19,15,15,20,16,0,0,BAY,BAS,1,0,2020-2021
15,Regular Season,15-6,CSK,ZEN,83,65,24,21,21,17,17,14,18,16,0,0,CSK,ZEN,1,0,2020-2021
15,Regular Season,15-7,OLY,RMB,82,86,12,18,21,18,12,19,18,20,13,17,RMB,OLY,0,1,2020-2021
15,Regular Season,15-8,CRV,VAL,76,73,20,25,12,19,22,14,21,16,0,0,CRV,VAL,1,0,2020-2021
15,Regular Season,15-9,VIL,KHI,90,84,20,23,29,18,29,22,19,14,0,0,VIL,KHI,1,0,2020-2021
16,Regular Season,16-1,EFE,BAR,86,79,18,25,25,18,24,19,11,25,0,0,EFE,BAR,1,0,2020-2021
16,Regular Season,16-2,MAC,PAN,89,81,21,20,18,30,12,18,22,29,0,0,MAC,PAN,1,0,2020-2021
16,Regular Season,16-3,RMB,BER,91,62,19,26,27,19,18,12,14,18,0,0,RMB,BER,1,0,2020-2021
16,Regular Season,16-4,ZEN,CRV,98,69,30,18,21,29,12,25,17,15,0,0,ZEN,CRV,1,0,2020-2021
16,Regular Season,16-5,VIL,CSK,78,87,15,26,19,18,21,25,20,21,0,0,CSK,VIL,0,1,2020-2021
16,Regular Season,16-6,MIL,BAS,79,84,19,22,16,22,23,22,18,21,0,0,BAS,MIL,0,1,2020-2021
16,Regular Season,16-7,FEN,OLY,84,77,22,23,21,18,27,14,13,23,0,0,FEN,OLY,1,0,2020-2021
16,Regular Season,16-8,VAL,KHI,88,82,16,29,14,29,13,16,23,30,0,0,VAL,KHI,1,0,2020-2021
16,Regular Season,16-9,ZAL,BAY,74,73,22,18,16,18,16,19,16,22,0,0,ZAL,BAY,1,0,2020-2021
17,Regular Season,17-1,BER,ZAL,71,74,14,23,11,23,12,19,23,20,0,0,ZAL,BER,0,1,2020-2021
17,Regular Season,17-2,EFE,RMB,65,73,20,17,14,14,13,18,21,21,0,0,RMB,EFE,0,1,2020-2021
17,Regular Season,17-3,KHI,OLY,88,105,23,27,14,24,26,25,27,27,0,0,OLY,KHI,0,1,2020-2021
17,Regular Season,17-4,MAC,ZEN,72,78,22,13,17,20,18,19,25,16,0,0,ZEN,MAC,0,1,2020-2021
17,Regular Season,17-5,BAS,VAL,71,70,17,22,16,16,30,17,11,12,0,0,BAS,VAL,1,0,2020-2021
17,Regular Season,17-6,BAY,BAR,90,77,22,21,27,20,26,19,10,22,0,0,BAY,BAR,1,0,2020-2021
17,Regular Season,17-7,MIL,CSK,87,91,17,16,25,22,17,22,20,21,7,11,CSK,MIL,0,1,2020-2021
17,Regular Season,17-8,CRV,PAN,74,71,22,26,9,17,15,22,9,25,0,0,CRV,PAN,1,0,2020-2021
17,Regular Season,17-9,FEN,VIL,81,59,15,23,21,22,19,13,10,17,0,0,FEN,VIL,1,0,2020-2021
18,Regular Season,18-1,BER,MAC,73,85,17,11,21,24,24,19,20,22,0,0,MAC,BER,0,1,2020-2021
18,Regular Season,18-2,BAR,VAL,89,72,18,20,29,22,12,21,21,18,0,0,BAR,VAL,1,0,2020-2021
18,Regular Season,18-3,PAN,ZEN,77,89,16,19,19,23,26,21,29,13,0,0,ZEN,PAN,0,1,2020-2021
18,Regular Season,18-4,CRV,FEN,71,73,22,17,14,18,18,20,15,20,0,0,FEN,CRV,0,1,2020-2021
18,Regular Season,18-5,BAS,CSK,95,93,31,15,33,16,19,26,22,26,0,0,BAS,CSK,1,0,2020-2021
18,Regular Season,18-6,OLY,BAY,84,82,19,25,20,20,22,24,15,21,0,0,OLY,BAY,1,0,2020-2021
18,Regular Season,18-7,RMB,MIL,76,80,18,21,10,27,17,22,22,19,0,0,MIL,RMB,0,1,2020-2021
18,Regular Season,18-8,VIL,EFE,80,102,15,19,25,21,29,25,28,20,0,0,EFE,VIL,0,1,2020-2021
18,Regular Season,18-9,ZAL,KHI,102,75,22,17,39,24,20,28,13,14,0,0,ZAL,KHI,1,0,2020-2021
19,Regular Season,19-1,EFE,BER,84,76,18,18,26,22,18,26,9,23,0,0,EFE,BER,1,0,2020-2021
19,Regular Season,19-2,KHI,BAR,75,87,26,22,12,15,26,28,19,14,0,0,BAR,KHI,0,1,2020-2021
19,Regular Season,19-3,MAC,OLY,87,89,18,22,15,18,13,20,19,21,14,16,OLY,MAC,0,1,2020-2021
19,Regular Season,19-4,MIL,VAL,95,80,21,33,22,19,20,16,24,20,0,0,MIL,VAL,1,0,2020-2021
19,Regular Season,19-5,FEN,BAS,96,76,28,23,24,21,18,23,15,20,0,0,FEN,BAS,1,0,2020-2021
19,Regular Season,19-6,BAY,ZEN,82,80,13,19,24,26,19,21,16,24,0,0,BAY,ZEN,1,0,2020-2021
19,Regular Season,19-7,CSK,ZAL,83,73,18,27,15,23,11,21,20,21,0,0,CSK,ZAL,1,0,2020-2021
19,Regular Season,19-8,PAN,VIL,88,71,25,20,25,18,21,21,18,11,0,0,PAN,VIL,1,0,2020-2021
19,Regular Season,19-9,RMB,CRV,77,79,21,19,18,19,23,22,21,13,0,0,CRV,RMB,0,1,2020-2021
20,Regular Season,20-1,BER,MIL,70,84,18,16,22,14,13,29,22,20,0,0,MIL,BER,0,1,2020-2021
20,Regular Season,20-2,EFE,KHI,99,60,26,26,23,24,19,17,10,14,0,0,EFE,KHI,1,0,2020-2021
20,Regular Season,20-3,MAC,BAS,91,82,26,21,21,23,21,22,17,22,0,0,MAC,BAS,1,0,2020-2021
20,Regular Season,20-4,BAY,RMB,76,81,15,19,16,22,23,16,12,21,4,9,RMB,BAY,0,1,2020-2021
20,Regular Season,20-5,CSK,BAR,75,88,25,16,15,19,20,22,22,24,0,0,BAR,CSK,0,1,2020-2021
20,Regular Season,20-6,OLY,VIL,63,69,17,16,9,21,17,17,17,18,0,0,VIL,OLY,0,1,2020-2021
20,Regular Season,20-7,ZEN,ZAL,77,65,17,19,20,21,14,22,13,16,0,0,ZEN,ZAL,1,0,2020-2021
20,Regular Season,20-8,FEN,PAN,100,74,31,17,26,26,12,22,21,19,0,0,FEN,PAN,1,0,2020-2021
20,Regular Season,20-9,VAL,CRV,91,71,27,22,19,23,15,27,15,14,0,0,VAL,CRV,1,0,2020-2021
21,Regular Season,21-1,MAC,RMB,86,84,24,21,18,23,33,13,20,18,0,0,MAC,RMB,1,0,2020-2021
21,Regular Season,21-2,MIL,BAY,75,51,20,22,21,12,10,10,15,16,0,0,MIL,BAY,1,0,2020-2021
21,Regular Season,21-3,PAN,KHI,94,78,23,23,24,24,20,13,18,27,0,0,PAN,KHI,1,0,2020-2021
21,Regular Season,21-4,ZEN,EFE,85,78,28,25,11,21,15,16,24,23,0,0,ZEN,EFE,1,0,2020-2021
21,Regular Season,21-5,VIL,VAL,90,77,17,23,21,29,17,17,20,23,0,0,VIL,VAL,1,0,2020-2021
21,Regular Season,21-6,CSK,FEN,83,89,21,17,28,17,15,23,25,26,0,0,FEN,CSK,0,1,2020-2021
21,Regular Season,21-7,CRV,BAR,60,72,11,20,14,15,21,14,22,15,0,0,BAR,CRV,0,1,2020-2021
21,Regular Season,21-8,BAS,BER,77,84,18,32,11,16,21,25,21,17,0,0,BER,BAS,0,1,2020-2021
21,Regular Season,21-9,ZAL,OLY,81,79,26,19,18,18,20,24,16,19,0,0,ZAL,OLY,1,0,2020-2021
22,Regular Season,22-1,EFE,CRV,86,72,29,27,19,11,13,22,17,20,0,0,EFE,CRV,1,0,2020-2021
22,Regular Season,22-2,BAR,ZEN,85,81,16,28,25,16,14,19,17,31,0,0,BAR,ZEN,1,0,2020-2021
22,Regular Season,22-3,KHI,BAY,93,95,15,29,31,18,26,18,29,22,0,0,BAY,KHI,0,1,2020-2021
22,Regular Season,22-4,MIL,OLY,90,79,24,20,21,25,19,15,28,17,0,0,MIL,OLY,1,0,2020-2021
22,Regular Season,22-5,FEN,MAC,82,75,17,19,24,22,21,14,18,22,0,0,FEN,MAC,1,0,2020-2021
22,Regular Season,22-6,BER,CSK,68,71,15,22,19,12,20,14,18,19,0,0,CSK,BER,0,1,2020-2021
22,Regular Season,22-7,RMB,PAN,76,66,25,24,15,12,12,15,23,16,0,0,RMB,PAN,1,0,2020-2021
22,Regular Season,22-8,VAL,ZAL,78,79,20,18,17,23,20,27,13,19,0,0,ZAL,VAL,0,1,2020-2021
22,Regular Season,22-9,VIL,BAS,83,77,17,18,23,25,26,20,7,24,0,0,VIL,BAS,1,0,2020-2021
23,Regular Season,23-1,KHI,FEN,76,107,22,22,13,19,23,30,30,24,0,0,FEN,KHI,0,1,2020-2021
23,Regular Season,23-2,MAC,EFE,66,90,17,14,16,19,22,25,24,19,0,0,EFE,MAC,0,1,2020-2021
23,Regular Season,23-3,MIL,ZEN,82,76,16,19,21,26,24,20,15,17,0,0,MIL,ZEN,1,0,2020-2021
23,Regular Season,23-4,OLY,BAR,74,76,12,18,23,21,21,19,10,26,0,0,BAR,OLY,0,1,2020-2021
23,Regular Season,23-5,BER,RMB,63,72,14,16,17,16,22,18,19,13,0,0,RMB,BER,0,1,2020-2021
23,Regular Season,23-6,CSK,BAY,66,69,27,12,21,6,25,15,10,19,0,0,BAY,CSK,0,1,2020-2021
23,Regular Season,23-7,PAN,VAL,91,72,22,26,20,23,20,14,18,20,0,0,PAN,VAL,1,0,2020-2021
23,Regular Season,23-8,CRV,VIL,78,81,23,15,18,22,25,20,12,24,0,0,VIL,CRV,0,1,2020-2021
23,Regular Season,23-9,BAS,ZAL,81,68,21,24,16,20,20,16,12,20,0,0,BAS,ZAL,1,0,2020-2021
24,Regular Season,24-1,BAR,EFE,86,88,22,28,15,21,27,26,19,16,0,0,EFE,BAR,0,1,2020-2021
24,Regular Season,24-2,MAC,KHI,92,62,22,31,20,19,12,13,13,24,0,0,MAC,KHI,1,0,2020-2021
24,Regular Season,24-3,VAL,CSK,94,92,25,22,17,20,17,26,20,21,10,8,VAL,CSK,1,0,2020-2021
24,Regular Season,24-4,ZAL,CRV,75,62,22,18,20,15,26,18,14,4,0,0,ZAL,CRV,1,0,2020-2021
24,Regular Season,24-5,BAY,BER,101,95,10,23,25,29,26,17,23,21,14,8,BAY,BER,1,0,2020-2021
24,Regular Season,24-6,OLY,PAN,77,88,18,17,19,23,21,17,23,27,0,0,PAN,OLY,0,1,2020-2021
24,Regular Season,24-7,FEN,ZEN,92,84,25,22,19,26,25,18,22,19,0,0,FEN,ZEN,1,0,2020-2021
24,Regular Season,24-8,VIL,MIL,78,69,20,17,15,26,23,17,16,13,0,0,VIL,MIL,1,0,2020-2021
24,Regular Season,24-9,RMB,BAS,64,84,15,19,18,12,28,9,23,24,0,0,BAS,RMB,0,1,2020-2021
25,Regular Season,25-1,EFE,OLY,76,53,11,32,15,18,26,8,9,10,0,0,EFE,OLY,1,0,2020-2021
25,Regular Season,25-2,BAR,ZAL,86,62,24,24,23,15,24,13,10,15,0,0,BAR,ZAL,1,0,2020-2021
25,Regular Season,25-3,KHI,BAS,67,89,14,23,20,10,24,23,24,18,0,0,BAS,KHI,0,1,2020-2021
25,Regular Season,25-4,MIL,MAC,87,68,21,18,26,22,12,15,21,20,0,0,MIL,MAC,1,0,2020-2021
25,Regular Season,25-5,CSK,PAN,93,86,27,22,25,19,19,20,22,25,0,0,CSK,PAN,1,0,2020-2021
25,Regular Season,25-6,CRV,ZEN,75,76,16,20,20,19,22,26,13,15,0,0,ZEN,CRV,0,1,2020-2021
25,Regular Season,25-7,FEN,BER,89,84,24,21,22,22,22,20,18,24,0,0,FEN,BER,1,0,2020-2021
25,Regular Season,25-8,VAL,RMB,89,78,29,26,16,18,21,14,17,26,0,0,VAL,RMB,1,0,2020-2021
25,Regular Season,25-9,VIL,BAY,87,79,21,23,22,21,18,17,17,27,0,0,VIL,BAY,1,0,2020-2021
26,Regular Season,26-1,BAY,MAC,72,70,18,19,14,21,21,17,20,12,0,0,BAY,MAC,1,0,2020-2021
26,Regular Season,26-2,MIL,KHI,84,74,29,27,14,14,26,17,13,18,0,0,MIL,KHI,1,0,2020-2021
26,Regular Season,26-3,OLY,CSK,74,75,12,14,23,25,24,20,15,16,0,0,CSK,OLY,0,1,2020-2021
26,Regular Season,26-4,RMB,ZAL,70,58,21,15,15,19,13,18,11,16,0,0,RMB,ZAL,1,0,2020-2021
26,Regular Season,26-5,ZEN,VAL,62,91,19,22,9,12,22,22,18,29,0,0,VAL,ZEN,0,1,2020-2021
26,Regular Season,26-6,BER,PAN,74,65,11,17,22,24,17,17,19,12,0,0,BER,PAN,1,0,2020-2021
26,Regular Season,26-7,BAR,VIL,69,76,15,20,19,15,19,15,20,22,0,0,VIL,BAR,0,1,2020-2021
26,Regular Season,26-8,FEN,EFE,74,106,11,28,19,16,24,29,28,25,0,0,EFE,FEN,0,1,2020-2021
26,Regular Season,26-9,BAS,CRV,87,67,21,27,18,21,16,11,21,19,0,0,BAS,CRV,1,0,2020-2021
27,Regular Season,27-1,EFE,VAL,99,83,18,28,22,31,23,17,18,25,0,0,EFE,VAL,1,0,2020-2021
27,Regular Season,27-2,KHI,RMB,78,77,17,28,17,16,18,20,24,15,0,0,KHI,RMB,1,0,2020-2021
27,Regular Season,27-3,MAC,CSK,80,84,23,10,19,28,23,28,17,16,0,0,CSK,MAC,0,1,2020-2021
27,Regular Season,27-4,PAN,BAR,77,85,17,22,11,27,26,21,12,26,0,0,BAR,PAN,0,1,2020-2021
27,Regular Season,27-5,CRV,BAY,76,78,10,25,22,19,15,16,19,28,0,0,BAY,CRV,0,1,2020-2021
27,Regular Season,27-6,ZEN,BER,87,71,23,20,25,19,24,24,19,4,0,0,ZEN,BER,1,0,2020-2021
27,Regular Season,27-7,ZAL,VIL,85,75,17,23,27,18,20,22,15,18,0,0,ZAL,VIL,1,0,2020-2021
27,Regular Season,27-8,MIL,FEN,92,100,28,24,17,23,24,26,28,22,0,0,FEN,MIL,0,1,2020-2021
27,Regular Season,27-9,BAS,OLY,91,66,15,28,25,23,21,11,26,8,0,0,BAS,OLY,1,0,2020-2021
28,Regular Season,28-1,EFE,CSK,100,70,31,24,20,25,13,15,17,25,0,0,EFE,CSK,1,0,2020-2021
28,Regular Season,28-2,BAY,PAN,76,71,14,23,20,19,21,15,19,16,0,0,BAY,PAN,1,0,2020-2021
28,Regular Season,28-3,MAC,VAL,84,72,14,19,29,22,18,17,21,16,0,0,MAC,VAL,1,0,2020-2021
28,Regular Season,28-4,ZEN,RMB,71,75,13,16,29,13,24,14,14,23,0,0,RMB,ZEN,0,1,2020-2021
28,Regular Season,28-5,BAR,BAS,71,57,25,8,17,21,4,22,19,12,0,0,BAR,BAS,1,0,2020-2021
28,Regular Season,28-6,KHI,BER,81,100,25,22,20,14,20,21,27,32,0,0,BER,KHI,0,1,2020-2021
28,Regular Season,28-7,OLY,CRV,94,79,30,23,22,19,19,29,19,12,0,0,OLY,CRV,1,0,2020-2021
28,Regular Season,28-8,VIL,FEN,86,90,18,20,22,26,20,20,19,31,0,0,FEN,VIL,0,1,2020-2021
28,Regular Season,28-9,ZAL,MIL,64,69,13,19,13,19,19,15,16,19,0,0,MIL,ZAL,0,1,2020-2021
29,Regular Season,29-1,CSK,MIL,76,84,10,24,21,21,30,17,23,14,0,0,MIL,CSK,0,1,2020-2021
29,Regular Season,29-2,PAN,MAC,81,63,25,18,15,23,9,21,25,8,0,0,PAN,MAC,1,0,2020-2021
29,Regular Season,29-3,RMB,BAR,76,81,19,19,16,22,24,17,16,24,0,0,BAR,RMB,0,1,2020-2021
29,Regular Season,29-4,CRV,KHI,92,81,8,26,28,30,15,23,22,21,0,0,CRV,KHI,1,0,2020-2021
29,Regular Season,29-5,VIL,BER,89,95,30,22,21,16,23,20,27,25,0,0,BER,VIL,0,1,2020-2021
29,Regular Season,29-6,EFE,ZAL,89,62,26,23,27,13,12,16,20,14,0,0,EFE,ZAL,1,0,2020-2021
29,Regular Season,29-7,OLY,ZEN,75,61,15,15,24,21,28,13,15,5,0,0,OLY,ZEN,1,0,2020-2021
29,Regular Season,29-8,VAL,FEN,66,52,18,19,8,21,10,18,11,13,0,0,VAL,FEN,1,0,2020-2021
29,Regular Season,29-9,BAS,BAY,78,71,17,16,27,18,15,18,12,26,0,0,BAS,BAY,1,0,2020-2021
30,Regular Season,30-1,BER,OLY,80,84,18,24,20,18,16,21,25,22,0,0,OLY,BER,0,1,2020-2021
30,Regular Season,30-2,RMB,CSK,89,96,21,20,26,22,23,32,19,22,0,0,CSK,RMB,0,1,2020-2021
30,Regular Season,30-3,ZEN,BAS,75,79,14,31,14,16,17,15,13,34,0,0,BAS,ZEN,0,1,2020-2021
30,Regular Season,30-4,FEN,ZAL,84,61,28,17,21,18,18,8,20,15,0,0,FEN,ZAL,1,0,2020-2021
30,Regular Season,30-5,BAY,EFE,80,79,18,19,22,21,23,23,17,16,0,0,BAY,EFE,1,0,2020-2021
30,Regular Season,30-6,KHI,VAL,68,77,17,21,11,19,27,17,14,19,0,0,VAL,KHI,0,1,2020-2021
30,Regular Season,30-7,MIL,BAR,56,72,12,17,15,12,15,23,17,17,0,0,BAR,MIL,0,1,2020-2021
30,Regular Season,30-8,PAN,CRV,82,86,23,17,19,23,17,23,20,26,0,0,CRV,PAN,0,1,2020-2021
30,Regular Season,30-9,MAC,VIL,67,74,22,12,14,19,14,23,20,17,0,0,VIL,MAC,0,1,2020-2021
31,Regular Season,31-1,EFE,PAN,85,65,24,19,17,25,21,12,16,16,0,0,EFE,PAN,1,0,2020-2021
31,Regular Season,31-2,CSK,CRV,87,72,31,19,21,16,19,20,20,13,0,0,CSK,CRV,1,0,2020-2021
31,Regular Season,31-3,VAL,BAY,83,76,26,20,12,25,19,14,30,13,0,0,VAL,BAY,1,0,2020-2021
31,Regular Season,31-4,VIL,RMB,71,74,23,14,14,20,20,12,24,18,0,0,RMB,VIL,0,1,2020-2021
31,Regular Season,31-5,ZAL,MAC,81,88,26,14,23,18,18,20,26,24,0,0,MAC,ZAL,0,1,2020-2021
31,Regular Season,31-6,BAR,BER,80,67,22,23,17,18,23,17,18,9,0,0,BAR,BER,1,0,2020-2021
31,Regular Season,31-7,KHI,ZEN,70,91,11,18,18,23,14,25,27,25,0,0,ZEN,KHI,0,1,2020-2021
31,Regular Season,31-8,OLY,FEN,71,76,11,16,22,22,20,23,15,18,0,0,FEN,OLY,0,1,2020-2021
31,Regular Season,31-9,BAS,MIL,86,69,10,23,27,26,16,16,13,24,0,0,BAS,MIL,1,0,2020-2021
32,Regular Season,32-1,BAY,FEN,68,77,15,19,10,24,18,17,18,24,0,0,FEN,BAY,0,1,2020-2021
32,Regular Season,32-2,MAC,BAR,99,94,19,20,26,15,14,24,21,21,19,14,MAC,BAR,1,0,2020-2021
32,Regular Season,32-3,PAN,BAS,82,97,21,20,18,23,25,24,23,25,0,0,BAS,PAN,0,1,2020-2021
32,Regular Season,32-4,RMB,EFE,83,108,20,22,22,19,20,21,35,32,0,0,EFE,RMB,0,1,2020-2021
32,Regular Season,32-5,CRV,MIL,72,93,12,24,15,21,22,25,28,18,0,0,MIL,CRV,0,1,2020-2021
32,Regular Season,32-6,ZEN,CSK,74,86,18,24,15,17,22,26,15,23,0,0,CSK,ZEN,0,1,2020-2021
32,Regular Season,32-7,ZAL,BER,96,86,21,20,27,28,23,28,10,25,0,0,ZAL,BER,1,0,2020-2021
32,Regular Season,32-8,KHI,VIL,87,85,20,22,20,13,22,9,19,25,12,10,KHI,VIL,1,0,2020-2021
32,Regular Season,32-9,VAL,OLY,79,88,19,12,10,38,23,21,30,14,0,0,OLY,VAL,0,1,2020-2021
33,Regular Season,33-1,BAY,ZAL,71,70,21,16,20,14,22,14,18,16,0,0,BAY,ZAL,1,0,2020-2021
33,Regular Season,33-2,PAN,MIL,86,83,15,14,20,21,26,20,13,11,16,13,PAN,MIL,1,0,2020-2021
33,Regular Season,33-3,CRV,MAC,76,64,15,18,20,23,21,13,11,19,0,0,CRV,MAC,1,0,2020-2021
33,Regular Season,33-4,BAS,EFE,101,111,19,22,22,29,22,24,19,27,9,19,EFE,BAS,0,1,2020-2021
33,Regular Season,33-5,BER,VAL,86,90,26,27,17,16,13,29,22,26,0,0,VAL,BER,0,1,2020-2021
33,Regular Season,33-6,CSK,KHI,97,72,21,26,29,21,17,17,13,25,0,0,CSK,KHI,1,0,2020-2021
33,Regular Season,33-7,RMB,OLY,72,63,20,16,17,19,11,15,12,25,0,0,RMB,OLY,1,0,2020-2021
33,Regular Season,33-8,ZEN,VIL,87,53,20,21,25,21,15,22,6,10,0,0,ZEN,VIL,1,0,2020-2021
33,Regular Season,33-9,FEN,BAR,73,82,25,17,16,15,26,21,15,20,0,0,BAR,FEN,0,1,2020-2021
34,Regular Season,34-1,BER,CRV,81,58,24,25,17,15,22,8,16,12,0,0,BER,CRV,1,0,2020-2021
34,Regular Season,34-2,CSK,VIL,88,70,18,24,16,30,15,21,24,10,0,0,CSK,VIL,1,0,2020-2021
34,Regular Season,34-3,FEN,RMB,67,93,11,25,21,10,23,26,18,26,0,0,RMB,FEN,0,1,2020-2021
34,Regular Season,34-4,VAL,BAS,86,81,25,14,21,26,21,23,15,22,0,0,VAL,BAS,1,0,2020-2021
34,Regular Season,34-5,ZAL,PAN,93,78,27,25,22,19,14,33,13,18,0,0,ZAL,PAN,1,0,2020-2021
34,Regular Season,34-6,BAR,BAY,72,82,22,15,18,17,29,14,17,22,0,0,BAY,BAR,0,1,2020-2021
34,Regular Season,34-7,MIL,EFE,98,75,29,20,29,20,19,20,17,19,0,0,MIL,EFE,1,0,2020-2021
34,Regular Season,34-8,OLY,KHI,82,75,24,18,21,19,18,23,14,20,0,0,OLY,KHI,1,0,2020-2021
34,Regular Season,34-9,ZEN,MAC,86,69,25,19,22,20,15,22,11,21,0,0,ZEN,MAC,1,0,2020-2021
35,Play offs,35-1,EFE,RMB,90,63,20,24,20,26,18,22,10,13,0,0,EFE,RMB,1,0,2020-2021
35,Play offs,35-2,MIL,BAY,79,78,16,11,26,26,18,26,20,14,0,0,MIL,BAY,1,0,2020-2021
35,Play offs,35-3,BAR,ZEN,74,76,21,13,20,20,21,27,13,15,0,0,ZEN,BAR,0,1,2020-2021
35,Play offs,35-4,CSK,FEN,92,76,28,25,11,28,23,21,22,10,0,0,CSK,FEN,1,0,2020-2021
36,Play offs,36-1,EFE,RMB,91,68,22,22,21,26,13,19,13,23,0,0,EFE,RMB,1,0,2020-2021
36,Play offs,36-2,MIL,BAY,80,69,26,21,18,15,12,17,24,16,0,0,MIL,BAY,1,0,2020-2021
36,Play offs,36-3,BAR,ZEN,81,78,13,25,10,18,16,13,19,18,15,12,BAR,ZEN,1,0,2020-2021
36,Play offs,36-4,CSK,FEN,78,67,23,27,10,18,25,17,13,12,0,0,CSK,FEN,1,0,2020-2021
37,Play offs,37-1,RMB,EFE,80,76,15,13,20,32,15,23,20,18,0,0,RMB,EFE,1,0,2020-2021
37,Play offs,37-2,BAY,MIL,85,79,23,16,25,21,9,26,16,28,0,0,BAY,MIL,1,0,2020-2021
37,Play offs,37-3,ZEN,BAR,70,78,16,17,18,19,16,18,21,23,0,0,BAR,ZEN,0,1,2020-2021
37,Play offs,37-4,FEN,CSK,68,85,24,15,11,18,17,27,27,14,0,0,CSK,FEN,0,1,2020-2021
38,Play offs,38-1,RMB,EFE,82,76,19,17,21,25,13,34,19,10,0,0,RMB,EFE,1,0,2020-2021
38,Play offs,38-2,BAY,MIL,85,82,23,17,23,22,19,31,21,11,0,0,BAY,MIL,1,0,2020-2021
38,Play offs,38-3,ZEN,BAR,74,61,25,11,22,16,13,13,12,23,0,0,ZEN,BAR,1,0,2020-2021
39,Play offs,39-1,EFE,RMB,88,83,18,18,24,28,21,20,16,26,0,0,EFE,RMB,1,0,2020-2021
39,Play offs,39-2,MIL,BAY,92,89,24,26,22,20,22,18,18,31,0,0,MIL,BAY,1,0,2020-2021
39,Play offs,39-3,BAR,ZEN,79,53,23,20,14,22,14,16,9,14,0,0,BAR,ZEN,1,0,2020-2021
40,Final Four,40-1,BAR,MIL,84,82,27,24,16,17,24,18,29,11,0,0,BAR,MIL,1,0,2020-2021
40,Final Four,40-2,CSK,EFE,86,89,15,22,18,31,25,24,22,18,0,0,EFE,CSK,0,1,2020-2021
42,Final Four,42-1,BAR,EFE,81,86,22,14,22,23,15,24,26,21,0,0,EFE,BAR,0,1,2020-2021
41,Final Four,41-1,MIL,CSK,83,73,20,20,20,23,23,11,23,16,0,0,MIL,CSK,1,0,2020-2021
